日期,社区名称,新增用户,活跃用户,日活跃率,有效活跃用户,有效活跃占比,频道活跃人数,频道渗透率,发言人数,发言率,发言量,人均发言量,圈子浏览人数,圈子渗透率,圈子互动人数,圈子互动率,圈子互动量,人均互动量,周活比,月活比,人均在线时长(分钟)
2025-11-01,蛋仔派对,2869.65826,116792.55765,0.05%,30931.3623,75.52%,32104.62087,78.39%,426.63948,1.04%,533.29935,1.25,7039.55142,17.19%,4373.05467,10.68%,15145.70154,3.46,32.43%,11.48%,5.19214546425
2025-11-01,王者荣耀,3682.45164,105059.97195,0.04%,8426.12973,59.85%,10559.32713,75.0%,426.63948,3.03%,1919.87766,4.5,1386.57831,9.85%,426.63948,3.03%,2133.1974,5.0,18.7%,5.81%,5.69869624125
2025-11-01,疯狂动物园,1061.60768,96527.18235,0.01%,106.65987,100.0%,106.65987,100.0%,0.0,0.0%,0.0,0.0,0.0,0.0%,0.0,0.0%,0.0,,16.67%,7.69%,0.0
2025-11-01,光与夜之恋,331.7524,78075.02484,0.11%,4906.35402,85.19%,4906.35402,85.19%,0.0,0.0%,0.0,0.0,853.27896,14.81%,746.61909,12.96%,2559.83688,3.43,44.63%,21.26%,4.052406216
2025-11-01,原神,1244.0715,68902.27602,0.27%,1173.25857,100.0%,1173.25857,100.0%,0.0,0.0%,0.0,0.0,0.0,0.0%,0.0,0.0%,0.0,,44.0%,18.64%,1.2663769425
2025-11-01,光遇,829.381,46610.36319,3.14%,39037.51242,54.46%,65062.5207,90.77%,3306.45597,4.61%,6399.5922,1.94,28264.86555,39.43%,213.31974,0.3%,319.97961,1.5,37.63%,19.29%,21.275132634
2025-11-01,崩坏：星穹铁道,1127.95816,35624.39658,2.94%,38717.53281,57.71%,62289.36408,92.85%,2239.85727,3.34%,3626.43558,1.62,27411.58659,40.86%,213.31974,0.32%,1173.25857,5.5,36.0%,18.06%,13.676870979
2025-11-01,和平精英,779.61814,33064.5597,0.35%,1493.23818,100.0%,1493.23818,100.0%,0.0,0.0%,0.0,0.0,0.0,0.0%,0.0,0.0%,0.0,,48.28%,24.56%,1.7729277195
2025-11-01,第五人格,431.27812,14719.06206,0.19%,13439.14362,63.64%,14079.10284,66.67%,213.31974,1.01%,213.31974,1.0,1919.87766,9.09%,1066.5987,5.05%,4053.07506,3.8,32.78%,7.75%,4.8122323815
2025-11-01,绝区零,182.46382,9812.70804,0.04%,20692.01478,64.88%,24211.79049,75.92%,1599.89805,5.02%,4053.07506,2.53,5332.9935,16.72%,1706.55792,5.35%,33811.17879,19.81,33.04%,11.15%,14.56333483875
2025-11-01,元梦之星,16.58762,7252.87116,0.09%,0.0,0.0%,0.0,0.0%,0.0,0.0%,0.0,0.0,0.0,0.0%,0.0,0.0%,0.0,0.0,28.57%,10.53%,0.88646385975
2025-11-01,以闪亮之名,33.17524,6719.57181,0.13%,5546.31324,83.87%,5546.31324,83.87%,0.0,0.0%,0.0,0.0,1493.23818,22.58%,1279.91844,19.35%,4906.35402,3.83,54.87%,24.03%,8.104812432
2025-11-01,白荆回廊,0.0,1813.21779,0.05%,25598.3688,65.57%,29971.42347,76.78%,2239.85727,5.74%,7572.85077,3.38,7679.51064,19.67%,3413.11584,8.74%,15572.34102,4.56,42.46%,13.41%,14.56333483875
2025-11-01,无畏契约,66.35048,1706.55792,0.13%,3946.41519,50.68%,4373.05467,56.16%,0.0,0.0%,0.0,0.0,639.95922,8.22%,426.63948,5.48%,1919.87766,4.5,34.93%,13.01%,2.532753885
2025-11-01,重返未来:1999,132.70096,1599.89805,1.61%,5652.97311,76.81%,5866.29285,79.71%,426.63948,5.8%,533.29935,1.25,853.27896,11.59%,639.95922,8.7%,2559.83688,4.0,40.35%,12.61%,4.3056816045
2025-11-01,肥狐乐园,16.58762,1386.57831,0.11%,4159.73493,63.93%,5119.67376,78.69%,0.0,0.0%,0.0,0.0,959.93883,14.75%,533.29935,8.2%,2133.1974,4.0,29.05%,11.05%,3.7991308275
2025-11-01,代号：鸢,0.0,1173.25857,0.05%,31677.98139,75.57%,33917.83866,80.92%,959.93883,2.29%,2239.85727,2.33,6506.25207,15.52%,4479.71454,10.69%,15892.32063,3.55,30.37%,8.59%,4.43231929875
2025-11-01,未定事件簿,33.17524,746.61909,0.44%,319.97961,60.0%,213.31974,40.0%,213.31974,40.0%,213.31974,1.0,106.65987,20.0%,106.65987,20.0%,639.95922,6.0,16.67%,6.33%,6.585160101
2025-11-01,桃源深处有人家,0.0,319.97961,0.17%,64315.90161,89.47%,67729.01745,94.21%,1386.57831,1.93%,3946.41519,2.85,11839.24557,16.47%,10772.64687,14.99%,42450.62826,3.94,51.18%,27.68%,8.99127629175
2025-11-02,蛋仔派对,2305.67918,105913.25091,0.13%,37757.59398,61.25%,43623.88683,70.76%,853.27896,1.38%,2346.51714,2.75,7359.53103,11.94%,2559.83688,4.15%,15465.68115,6.04,25.12%,8.46%,5.06550777
2025-11-02,王者荣耀,3002.35922,96100.54287,0.03%,0.0,0.0%,0.0,0.0%,0.0,0.0%,0.0,0.0,0.0,0.0%,0.0,0.0%,0.0,0.0,21.43%,4.76%,1.39301463675
2025-11-02,疯狂动物园,829.381,90234.25002,0.32%,1386.57831,100.0%,1386.57831,100.0%,0.0,0.0%,0.0,0.0,0.0,0.0%,0.0,0.0%,0.0,,56.52%,24.53%,1.2663769425
2025-11-02,光与夜之恋,199.05144,75301.86822,1.45%,4906.35402,73.02%,4906.35402,73.02%,213.31974,3.17%,319.97961,1.5,959.93883,14.29%,853.27896,12.7%,3519.77571,4.13,38.89%,16.03%,3.7991308275
2025-11-02,原神,1277.24674,64315.90161,0.05%,30611.38269,68.5%,33704.51892,75.42%,639.95922,1.43%,746.61909,1.17,6932.89155,15.51%,3839.75532,8.59%,13225.82388,3.44,33.23%,11.39%,4.3056816045
2025-11-02,光遇,646.91718,42663.948,0.04%,44050.52631,70.36%,49063.5402,78.36%,213.31974,0.34%,213.31974,1.0,12905.84427,20.61%,10559.32713,16.87%,38824.19268,3.68,23.3%,8.9%,7.8515370435
2025-11-02,崩坏：星穹铁道,1127.95816,34131.1584,0.09%,0.0,0.0%,106.65987,16.67%,0.0,0.0%,0.0,0.0,0.0,0.0%,0.0,0.0%,0.0,0.0,26.09%,10.34%,4.3056816045
2025-11-02,和平精英,746.4429,28691.50503,1.37%,5332.9935,84.75%,5332.9935,84.75%,319.97961,5.08%,639.95922,2.0,1173.25857,18.64%,959.93883,15.25%,4266.3948,4.44,37.82%,12.77%,3.2925800505
2025-11-02,第五人格,298.57716,13012.50414,3.19%,38504.21307,53.24%,67729.01745,93.66%,3839.75532,5.31%,5652.97311,1.47,28264.86555,39.09%,426.63948,0.59%,426.63948,1.0,36.79%,19.42%,16.4629002525
2025-11-02,绝区零,215.63906,8319.46986,7.69%,0.0,0.0%,0.0,0.0%,0.0,0.0%,0.0,0.0,0.0,0.0%,0.0,0.0%,0.0,0.0,50.0%,25.0%,0.0
2025-11-02,元梦之星,16.58762,7039.55142,3.45%,0.0,0.0%,0.0,0.0%,0.0,0.0%,0.0,0.0,0.0,0.0%,0.0,0.0%,0.0,0.0,50.0%,50.0%,0.63318847125
2025-11-02,以闪亮之名,33.17524,6399.5922,0.05%,8959.42908,52.83%,12372.54492,72.96%,853.27896,5.03%,3519.77571,4.13,1919.87766,11.32%,1493.23818,8.81%,4693.03428,3.14,21.4%,6.42%,11.01747939975
2025-11-02,白荆回廊,0.0,1599.89805,0.1%,0.0,0.0%,213.31974,33.33%,0.0,0.0%,0.0,0.0,0.0,0.0%,0.0,0.0%,0.0,0.0,33.33%,11.32%,1.89956541375
2025-11-02,重返未来:1999,33.17524,1386.57831,0.12%,6612.91194,58.49%,7892.83038,69.81%,106.65987,0.94%,106.65987,1.0,426.63948,3.77%,106.65987,0.94%,106.65987,1.0,32.92%,10.87%,4.558956993
2025-11-02,代号：鸢,0.0,959.93883,0.37%,213.31974,100.0%,213.31974,100.0%,0.0,0.0%,0.0,0.0,0.0,0.0%,0.0,0.0%,0.0,,50.0%,14.29%,4.558956993
2025-11-02,无畏契约,66.35048,959.93883,4.08%,106.65987,50.0%,106.65987,50.0%,106.65987,50.0%,106.65987,1.0,0.0,0.0%,0.0,0.0%,0.0,,33.33%,15.38%,1.2663769425
2025-11-02,肥狐乐园,0.0,853.27896,1.57%,5439.65337,76.12%,5866.29285,82.09%,319.97961,4.48%,426.63948,1.33,1279.91844,17.91%,853.27896,11.94%,3733.09545,4.38,38.51%,12.34%,5.06550777
2025-11-02,桃源深处有人家,0.0,533.29935,0.05%,106.65987,33.33%,106.65987,33.33%,106.65987,33.33%,533.29935,5.0,106.65987,33.33%,0.0,0.0%,0.0,,15.0%,5.77%,11.650667871
2025-11-02,未定事件簿,16.58762,533.29935,2.0%,6079.61259,67.06%,7039.55142,77.65%,319.97961,3.53%,426.63948,1.33,1386.57831,15.29%,853.27896,9.41%,2559.83688,3.0,45.45%,15.8%,4.3056816045
2025-11-03,疯狂动物园,364.92764,75728.5077,0.12%,0.0,0.0%,106.65987,12.5%,0.0,0.0%,0.0,0.0,106.65987,12.5%,0.0,0.0%,0.0,0.0,42.11%,14.29%,3.67249313325
2025-11-03,光与夜之恋,182.46382,74021.94978,1.61%,0.0,0.0%,106.65987,100.0%,0.0,0.0%,0.0,0.0,0.0,0.0%,0.0,0.0%,0.0,0.0,50.0%,16.67%,1.64629002525
2025-11-03,王者荣耀,1111.37054,69008.93589,0.1%,0.0,0.0%,106.65987,16.67%,0.0,0.0%,0.0,0.0,0.0,0.0%,0.0,0.0%,0.0,0.0,33.33%,10.91%,2.2794784965
2025-11-03,蛋仔派对,497.6286,62076.04434,2.95%,37970.91372,56.42%,61009.44564,90.65%,2026.53753,3.01%,2879.81649,1.42,27518.24646,40.89%,213.31974,0.32%,213.31974,1.0,35.63%,18.22%,13.4235955905
2025-11-03,原神,646.91718,50130.1389,0.16%,60476.14629,88.73%,63569.28252,93.27%,1279.91844,1.88%,2879.81649,2.25,11625.92583,17.06%,10452.66726,15.34%,42983.92761,4.11,50.79%,25.24%,15.82971178125
2025-11-03,光遇,331.7524,32531.26035,0.17%,106.65987,16.67%,319.97961,50.0%,106.65987,16.67%,213.31974,2.0,319.97961,50.0%,0.0,0.0%,0.0,,23.08%,6.25%,8.3580878205
2025-11-03,崩坏：星穹铁道,497.6286,24851.74971,0.05%,23358.51153,65.96%,28691.50503,81.02%,2133.1974,6.02%,9386.06856,4.4,7466.1909,21.08%,2559.83688,7.23%,13759.12323,5.38,36.01%,12.5%,17.09608872375
2025-11-03,和平精英,215.63906,16958.91933,1.14%,426.63948,30.77%,959.93883,69.23%,426.63948,30.77%,426.63948,1.0,106.65987,7.69%,0.0,0.0%,0.0,,31.71%,15.12%,5.19214546425
2025-11-03,第五人格,132.70096,8639.44947,0.2%,0.0,0.0%,106.65987,14.29%,0.0,0.0%,0.0,0.0,0.0,0.0%,0.0,0.0%,0.0,0.0,22.58%,5.88%,2.40611619075
2025-11-03,绝区零,66.35048,6399.5922,0.17%,65809.13979,90.87%,69755.55498,96.32%,7359.53103,10.16%,39464.1519,5.36,11732.5857,16.2%,10026.02778,13.84%,38824.19268,3.87,52.96%,26.99%,7.598261655
2025-11-03,元梦之星,16.58762,5972.95272,3.45%,0.0,0.0%,106.65987,100.0%,0.0,0.0%,0.0,0.0,0.0,0.0%,0.0,0.0%,0.0,0.0,100.0%,50.0%,2.532753885
2025-11-03,以闪亮之名,33.17524,5546.31324,0.15%,5119.67376,58.54%,5866.29285,67.07%,0.0,0.0%,0.0,0.0,426.63948,4.88%,426.63948,4.88%,1493.23818,3.5,40.8%,14.34%,2.91266696775
2025-11-03,白荆回廊,0.0,1493.23818,0.24%,0.0,0.0%,106.65987,100.0%,0.0,0.0%,0.0,0.0,0.0,0.0%,0.0,0.0%,0.0,0.0,100.0%,12.5%,2.15284080225
2025-11-03,无畏契约,82.9381,1173.25857,0.04%,45117.12501,71.21%,50130.1389,79.12%,213.31974,0.34%,1813.21779,8.5,12692.52453,20.03%,10346.00739,16.33%,37864.25385,3.66,24.78%,8.4%,6.45852240675
2025-11-03,重返未来:1999,33.17524,746.61909,0.73%,0.0,0.0%,213.31974,22.22%,0.0,0.0%,0.0,0.0,0.0,0.0%,0.0,0.0%,0.0,0.0,15.0%,5.06%,2.40611619075
2025-11-03,桃源深处有人家,33.17524,639.95922,0.11%,0.0,0.0%,319.97961,75.0%,0.0,0.0%,0.0,0.0,106.65987,25.0%,0.0,0.0%,0.0,0.0,12.9%,3.48%,9.75110245725
2025-11-03,代号：鸢,0.0,639.95922,0.81%,106.65987,10.0%,426.63948,40.0%,106.65987,10.0%,106.65987,1.0,106.65987,10.0%,0.0,0.0%,0.0,,17.54%,5.62%,5.19214546425
2025-11-03,未定事件簿,0.0,533.29935,0.08%,0.0,0.0%,106.65987,12.5%,0.0,0.0%,0.0,0.0,0.0,0.0%,0.0,0.0%,0.0,0.0,28.57%,12.7%,4.17904391025
2025-11-03,肥狐乐园,0.0,533.29935,0.15%,106.65987,10.0%,213.31974,20.0%,106.65987,10.0%,106.65987,1.0,0.0,0.0%,0.0,0.0%,0.0,,43.48%,15.87%,2.15284080225
2025-11-04,疯狂动物园,497.6286,75408.52809,0.06%,0.0,0.0%,106.65987,25.0%,0.0,0.0%,0.0,0.0,0.0,0.0%,0.0,0.0%,0.0,0.0,21.05%,7.84%,2.532753885
2025-11-04,王者荣耀,1575.8239,70182.19446,0.07%,10879.30674,41.8%,16425.61998,63.11%,853.27896,3.28%,4266.3948,5.0,2773.15662,10.66%,1386.57831,5.33%,5119.67376,3.69,32.97%,10.14%,7.8515370435
2025-11-04,光与夜之恋,331.7524,68688.95628,0.93%,0.0,0.0%,319.97961,25.0%,0.0,0.0%,0.0,0.0,106.65987,8.33%,0.0,0.0%,0.0,0.0,25.0%,7.23%,10.76420401125
2025-11-04,蛋仔派对,547.39146,62716.00356,0.11%,6719.57181,63.64%,8106.15012,76.77%,319.97961,3.03%,746.61909,2.33,639.95922,6.06%,0.0,0.0%,0.0,,28.21%,11.04%,4.052406216
2025-11-04,原神,680.09242,47570.30202,0.1%,6719.57181,70.0%,7252.87116,75.56%,0.0,0.0%,0.0,0.0,533.29935,5.56%,0.0,0.0%,0.0,,26.39%,10.01%,3.41921774475
2025-11-04,光遇,348.34002,30824.70243,0.05%,30718.04256,68.57%,35304.41697,78.81%,639.95922,1.43%,959.93883,1.5,8106.15012,18.1%,4373.05467,9.76%,14612.40219,3.34,33.52%,10.56%,5.19214546425
2025-11-04,崩坏：星穹铁道,530.80384,24531.7701,0.17%,62289.36408,87.56%,65595.82005,92.2%,4373.05467,6.15%,23678.49114,5.41,10665.987,14.99%,8959.42908,12.59%,33064.5597,3.69,51.83%,25.86%,9.8777401515
2025-11-04,和平精英,165.8762,16105.64037,0.06%,32317.94061,67.18%,35091.09723,72.95%,533.29935,1.11%,1599.89805,3.0,6506.25207,13.53%,3626.43558,7.54%,13972.44297,3.85,36.14%,9.96%,6.45852240675
2025-11-04,第五人格,132.70096,9812.70804,0.05%,31571.32152,70.31%,33704.51892,75.06%,319.97961,0.71%,426.63948,1.33,6932.89155,15.44%,4159.73493,9.26%,16852.25946,4.05,33.98%,9.25%,4.3056816045
2025-11-04,绝区零,199.05144,8959.42908,0.04%,0.0,0.0%,106.65987,25.0%,0.0,0.0%,0.0,0.0,106.65987,25.0%,0.0,0.0%,0.0,0.0,23.53%,6.67%,2.2794784965
2025-11-04,元梦之星,16.58762,5759.63298,0.17%,62076.04434,86.48%,66982.39836,93.31%,4479.71454,6.24%,26984.94711,6.02,11732.5857,16.34%,9492.72843,13.22%,35411.07684,3.73,51.53%,26.64%,26.97382887525
2025-11-04,以闪亮之名,16.58762,5546.31324,0.13%,7466.1909,63.06%,8746.10934,73.87%,106.65987,0.9%,106.65987,1.0,1279.91844,10.81%,213.31974,1.8%,213.31974,1.0,37.88%,11.3%,4.43231929875
2025-11-04,白荆回廊,0.0,2239.85727,0.03%,0.0,0.0%,0.0,0.0%,0.0,0.0%,0.0,0.0,0.0,0.0%,0.0,0.0%,0.0,0.0,11.76%,3.85%,3.41921774475
2025-11-04,肥狐乐园,0.0,746.61909,0.08%,106.65987,33.33%,213.31974,66.67%,106.65987,33.33%,213.31974,2.0,106.65987,33.33%,0.0,0.0%,0.0,,11.11%,2.68%,14.05678406175
2025-11-04,代号：鸢,0.0,639.95922,1.6%,5866.29285,80.88%,5866.29285,80.88%,426.63948,5.88%,639.95922,1.5,1279.91844,17.65%,853.27896,11.76%,3199.7961,3.75,35.79%,12.59%,3.7991308275
2025-11-04,无畏契约,33.17524,639.95922,0.37%,1493.23818,93.33%,1493.23818,93.33%,0.0,0.0%,0.0,0.0,0.0,0.0%,0.0,0.0%,0.0,,51.72%,27.27%,1.519652331
2025-11-04,桃源深处有人家,0.0,533.29935,3.61%,41170.70982,51.06%,72955.35108,90.48%,3413.11584,4.23%,6932.89155,2.03,29758.10373,36.9%,319.97961,0.4%,533.29935,1.67,39.19%,21.81%,35.07864130725
2025-11-04,重返未来:1999,0.0,533.29935,0.01%,106.65987,100.0%,106.65987,100.0%,0.0,0.0%,0.0,0.0,0.0,0.0%,0.0,0.0%,0.0,,100.0%,8.33%,0.37991308275
2025-11-04,未定事件簿,0.0,319.97961,0.06%,33384.53931,71.95%,36904.31502,79.54%,746.61909,1.61%,1173.25857,1.57,8212.80999,17.7%,4266.3948,9.2%,18452.15751,4.33,27.19%,9.71%,4.93887007575
2025-11-05,疯狂动物园,547.39146,73062.01095,0.07%,9492.72843,37.87%,15892.32063,63.4%,959.93883,3.83%,3306.45597,3.44,2559.83688,10.21%,1386.57831,5.53%,4053.07506,2.92,32.28%,9.66%,8.8646385975
2025-11-05,王者荣耀,1691.93724,71568.77277,0.08%,0.0,0.0%,0.0,0.0%,0.0,0.0%,0.0,0.0,0.0,0.0%,0.0,0.0%,0.0,0.0,27.78%,9.43%,1.89956541375
2025-11-05,光与夜之恋,165.8762,69222.25563,0.09%,0.0,0.0%,106.65987,16.67%,0.0,0.0%,0.0,0.0,0.0,0.0%,0.0,0.0%,0.0,0.0,31.58%,10.71%,1.013101554
2025-11-05,蛋仔派对,829.381,65062.5207,0.04%,45330.44475,71.19%,50770.09812,79.73%,533.29935,0.84%,1173.25857,2.2,11839.24557,18.59%,9172.74882,14.41%,34664.45775,3.78,24.0%,9.08%,5.8253339355
2025-11-05,原神,348.34002,46930.3428,0.11%,5013.01389,85.45%,5013.01389,85.45%,0.0,0.0%,0.0,0.0,959.93883,16.36%,853.27896,14.55%,3733.09545,4.38,47.83%,21.32%,8.104812432
2025-11-05,光遇,298.57716,31144.68204,15.38%,0.0,0.0%,0.0,0.0%,0.0,0.0%,0.0,0.0,0.0,0.0%,0.0,0.0%,0.0,0.0,66.67%,50.0%,36.56
2025-11-05,崩坏：星穹铁道,281.98954,21438.63387,0.28%,0.0,0.0%,319.97961,30.0%,0.0,0.0%,0.0,0.0,106.65987,10.0%,0.0,0.0%,0.0,0.0,41.67%,10.0%,11.144117094
2025-11-05,和平精英,364.92764,18345.49764,0.02%,106.65987,50.0%,106.65987,50.0%,0.0,0.0%,0.0,0.0,0.0,0.0%,0.0,0.0%,0.0,,28.57%,14.29%,1.39301463675
2025-11-05,第五人格,116.11334,9492.72843,0.12%,5226.33363,84.48%,5226.33363,84.48%,0.0,0.0%,0.0,0.0,1279.91844,20.69%,1066.5987,17.24%,4159.73493,3.9,52.25%,22.48%,7.091710878
2025-11-05,绝区零,82.9381,7252.87116,0.01%,0.0,0.0%,0.0,0.0%,0.0,0.0%,0.0,0.0,0.0,0.0%,0.0,0.0%,0.0,0.0,6.67%,1.67%,6.96507318375
2025-11-05,以闪亮之名,33.17524,6399.5922,0.14%,39357.49203,58.2%,46717.02306,69.09%,746.61909,1.1%,1493.23818,2.0,8959.42908,13.25%,3413.11584,5.05%,15572.34102,4.56,27.75%,8.46%,5.8253339355
2025-11-05,元梦之星,16.58762,6079.61259,0.53%,213.31974,33.33%,319.97961,50.0%,213.31974,33.33%,213.31974,1.0,0.0,0.0%,0.0,0.0%,0.0,,21.43%,7.23%,1.89956541375
2025-11-05,白荆回廊,0.0,1599.89805,0.14%,0.0,0.0%,213.31974,22.22%,0.0,0.0%,0.0,0.0,0.0,0.0%,0.0,0.0%,0.0,0.0,31.03%,14.52%,1.519652331
2025-11-05,无畏契约,66.35048,746.61909,1.67%,5972.95272,78.87%,6079.61259,80.28%,319.97961,4.23%,426.63948,1.33,1386.57831,18.31%,959.93883,12.68%,4266.3948,4.44,40.11%,13.12%,4.43231929875
2025-11-05,肥狐乐园,0.0,746.61909,0.47%,1813.21779,89.47%,1813.21779,89.47%,0.0,0.0%,0.0,0.0,106.65987,5.26%,0.0,0.0%,0.0,,70.37%,35.19%,4.43231929875
2025-11-05,未定事件簿,0.0,639.95922,0.08%,0.0,0.0%,0.0,0.0%,0.0,0.0%,0.0,0.0,0.0,0.0%,0.0,0.0%,0.0,0.0,27.78%,10.0%,0.88646385975
2025-11-05,桃源深处有人家,0.0,533.29935,0.13%,5439.65337,79.69%,5546.31324,81.25%,0.0,0.0%,0.0,0.0,1599.89805,23.44%,1599.89805,23.44%,6612.91194,4.13,49.61%,23.36%,10.76420401125
2025-11-05,代号：鸢,0.0,426.63948,0.06%,35624.39658,68.87%,38504.21307,74.43%,426.63948,0.82%,959.93883,2.25,8319.46986,16.08%,5119.67376,9.9%,24105.13062,4.71,31.62%,10.81%,6.585160101
2025-11-05,重返未来:1999,16.58762,426.63948,0.04%,22185.25296,65.41%,24851.74971,73.27%,2239.85727,6.6%,10559.32713,4.71,5866.29285,17.3%,2666.49675,7.86%,13865.7831,5.2,30.67%,11.95%,10.76420401125
2025-11-06,疯狂动物园,481.04098,73595.3103,0.06%,33704.51892,65.97%,38077.57359,74.53%,639.95922,1.25%,639.95922,1.0,8319.46986,16.28%,4586.37441,8.98%,23145.19179,5.05,39.29%,13.26%,7.598261655
2025-11-06,光与夜之恋,182.46382,71888.75238,0.02%,106.65987,50.0%,106.65987,50.0%,0.0,0.0%,0.0,0.0,0.0,0.0%,0.0,0.0%,0.0,,28.57%,13.33%,0.12663769425
2025-11-06,王者荣耀,1476.29818,69648.89511,0.13%,5226.33363,79.03%,5226.33363,79.03%,106.65987,1.61%,106.65987,1.0,1386.57831,20.97%,1066.5987,16.13%,3626.43558,3.4,53.91%,23.66%,6.20524701825
2025-11-06,蛋仔派对,663.5048,65489.16018,0.92%,213.31974,40.0%,213.31974,40.0%,0.0,0.0%,0.0,0.0,0.0,0.0%,0.0,0.0%,0.0,,71.43%,41.67%,1.519652331
2025-11-06,原神,398.10288,46397.04345,0.02%,106.65987,50.0%,106.65987,50.0%,0.0,0.0%,0.0,0.0,0.0,0.0%,0.0,0.0%,0.0,,40.0%,15.38%,0.12663769425
2025-11-06,光遇,248.8143,34344.47814,0.02%,106.65987,50.0%,106.65987,50.0%,106.65987,50.0%,106.65987,1.0,0.0,0.0%,0.0,0.0%,0.0,,10.0%,3.13%,5.69869624125
2025-11-06,崩坏：星穹铁道,431.27812,23145.19179,0.1%,4373.05467,82.0%,4799.69415,90.0%,0.0,0.0%,0.0,0.0,746.61909,14.0%,746.61909,14.0%,2879.81649,3.86,43.48%,19.16%,7.8515370435
2025-11-06,和平精英,265.40192,18452.15751,3.5%,40957.39008,51.54%,74555.24913,93.83%,4159.73493,5.23%,11839.24557,2.85,30184.74321,37.99%,853.27896,1.07%,1173.25857,1.38,41.32%,21.21%,16.9694510295
2025-11-06,第五人格,149.28858,11092.62648,1.14%,426.63948,30.77%,746.61909,53.85%,426.63948,30.77%,533.29935,1.25,106.65987,7.69%,0.0,0.0%,0.0,,37.14%,15.85%,44.3231929875
2025-11-06,元梦之星,99.52572,7146.21129,0.17%,106.65987,16.67%,319.97961,50.0%,0.0,0.0%,0.0,0.0,106.65987,16.67%,0.0,0.0%,0.0,0.0,20.69%,5.08%,3.67249313325
2025-11-06,绝区零,132.70096,7039.55142,0.24%,0.0,0.0%,0.0,0.0%,0.0,0.0%,0.0,0.0,0.0,0.0%,0.0,0.0%,0.0,0.0,20.0%,12.5%,0.0
2025-11-06,以闪亮之名,16.58762,6826.23168,0.16%,60902.78577,88.39%,64635.88122,93.81%,2666.49675,3.87%,8319.46986,3.12,12479.20479,18.11%,10132.68765,14.71%,39250.83216,3.87,50.16%,25.69%,6.8384354895
2025-11-06,白荆回廊,0.0,1706.55792,0.25%,16105.64037,57.85%,18238.83777,65.52%,106.65987,0.38%,213.31974,2.0,3733.09545,13.41%,1706.55792,6.13%,5439.65337,3.19,38.5%,9.92%,3.41921774475
2025-11-06,无畏契约,132.70096,1706.55792,0.13%,6932.89155,58.56%,7359.53103,62.16%,0.0,0.0%,0.0,0.0,959.93883,8.11%,213.31974,1.8%,959.93883,4.5,36.51%,11.34%,11.77730556525
2025-11-06,代号：鸢,16.58762,853.27896,0.08%,0.0,0.0%,106.65987,20.0%,0.0,0.0%,0.0,0.0,0.0,0.0%,0.0,0.0%,0.0,0.0,26.32%,10.2%,2.65939157925
2025-11-06,未定事件簿,16.58762,639.95922,0.09%,0.0,0.0%,0.0,0.0%,0.0,0.0%,0.0,0.0,0.0,0.0%,0.0,0.0%,0.0,0.0,28.57%,10.17%,4.3056816045
2025-11-06,桃源深处有人家,0.0,426.63948,0.37%,213.31974,100.0%,213.31974,100.0%,0.0,0.0%,0.0,0.0,0.0,0.0%,0.0,0.0%,0.0,,33.33%,12.5%,2.2794784965
2025-11-06,重返未来:1999,0.0,426.63948,0.24%,0.0,0.0%,0.0,0.0%,0.0,0.0%,0.0,0.0,0.0,0.0%,0.0,0.0%,0.0,0.0,25.0%,10.0%,0.0
2025-11-06,肥狐乐园,0.0,426.63948,0.05%,52689.97578,70.27%,57063.03045,76.1%,533.29935,0.71%,2133.1974,4.0,16638.93972,22.19%,13012.50414,17.35%,48530.24085,3.73,29.26%,9.96%,6.3318847125
2025-11-07,王者荣耀,1575.8239,79248.28341,0.11%,7039.55142,70.21%,7359.53103,73.4%,0.0,0.0%,0.0,0.0,533.29935,5.32%,213.31974,2.13%,213.31974,1.0,30.92%,10.74%,3.7991308275
2025-11-07,疯狂动物园,481.04098,75088.54848,0.35%,1386.57831,92.86%,1386.57831,92.86%,0.0,0.0%,0.0,0.0,0.0,0.0%,0.0,0.0%,0.0,,60.87%,25.45%,2.2794784965
2025-11-07,蛋仔派对,812.79338,74981.88861,0.31%,0.0,0.0%,106.65987,25.0%,0.0,0.0%,0.0,0.0,106.65987,25.0%,0.0,0.0%,0.0,0.0,9.3%,2.55%,37.991308275
2025-11-07,光与夜之恋,232.22668,72315.39186,0.12%,5013.01389,81.03%,5119.67376,82.76%,106.65987,1.72%,213.31974,2.0,1279.91844,20.69%,1066.5987,17.24%,4693.03428,4.4,49.57%,22.39%,10.3842909285
2025-11-07,原神,414.6905,51730.03695,0.06%,32531.26035,71.76%,35304.41697,77.88%,426.63948,0.94%,533.29935,1.25,7146.21129,15.76%,4693.03428,10.35%,17918.85816,3.82,33.49%,11.41%,6.585160101
2025-11-07,光遇,281.98954,33917.83866,0.11%,106.65987,14.29%,106.65987,14.29%,106.65987,14.29%,213.31974,2.0,0.0,0.0%,0.0,0.0%,0.0,,46.67%,13.21%,4.8122323815
2025-11-07,崩坏：星穹铁道,414.6905,24211.79049,0.07%,10026.02778,37.15%,16745.59959,62.06%,1066.5987,3.95%,2453.17701,2.3,2666.49675,9.88%,1066.5987,3.95%,4906.35402,4.6,29.56%,10.01%,9.117913986
2025-11-07,和平精英,265.40192,20372.03517,0.05%,23358.51153,59.35%,28691.50503,72.9%,1173.25857,2.98%,7146.21129,6.09,8212.80999,20.87%,3306.45597,8.4%,15998.9805,4.84,39.42%,13.75%,16.08298716975
2025-11-07,第五人格,82.9381,10239.34752,0.24%,0.0,0.0%,0.0,0.0%,0.0,0.0%,0.0,0.0,0.0,0.0%,0.0,0.0%,0.0,0.0,20.0%,12.5%,0.0
2025-11-07,绝区零,149.28858,7892.83038,0.05%,31891.30113,71.53%,35731.05645,80.14%,746.61909,1.67%,959.93883,1.29,7572.85077,16.99%,4266.3948,9.57%,14292.42258,3.35,34.26%,9.21%,34.06553975325
2025-11-07,元梦之星,16.58762,6399.5922,0.04%,20372.03517,67.73%,23678.49114,78.72%,1386.57831,4.61%,7039.55142,5.08,4799.69415,15.96%,2026.53753,6.74%,12052.56531,5.95,32.23%,10.48%,10.51092862275
2025-11-07,以闪亮之名,16.58762,5866.29285,0.06%,33704.51892,65.7%,37437.61437,72.97%,533.29935,1.04%,959.93883,1.8,8426.12973,16.42%,5226.33363,10.19%,19732.07595,3.78,38.67%,10.39%,6.3318847125
2025-11-07,白荆回廊,0.0,1813.21779,0.07%,35411.07684,62.76%,40850.73021,72.4%,853.27896,1.51%,1066.5987,1.25,9386.06856,16.64%,5439.65337,9.64%,20372.03517,3.75,41.01%,11.39%,29.379945066
2025-11-07,肥狐乐园,0.0,1066.5987,0.09%,0.0,0.0%,0.0,0.0%,0.0,0.0%,0.0,0.0,0.0,0.0%,0.0,0.0%,0.0,0.0,25.0%,9.68%,2.40611619075
2025-11-07,无畏契约,33.17524,853.27896,0.11%,0.0,0.0%,106.65987,14.29%,0.0,0.0%,0.0,0.0,0.0,0.0%,0.0,0.0%,0.0,0.0,28.0%,11.67%,6.96507318375
2025-11-07,桃源深处有人家,16.58762,746.61909,0.12%,0.0,0.0%,0.0,0.0%,0.0,0.0%,0.0,0.0,0.0,0.0%,0.0,0.0%,0.0,0.0,34.78%,14.04%,4.558956993
2025-11-07,重返未来:1999,16.58762,746.61909,0.03%,0.0,0.0%,0.0,0.0%,0.0,0.0%,0.0,0.0,0.0,0.0%,0.0,0.0%,0.0,0.0,10.53%,4.17%,0.37991308275
2025-11-07,代号：鸢,0.0,533.29935,0.15%,8852.76921,63.36%,10132.68765,72.52%,213.31974,1.53%,639.95922,3.0,1173.25857,8.4%,0.0,0.0%,0.0,,39.58%,13.34%,4.558956993
2025-11-07,未定事件簿,0.0,533.29935,0.17%,5119.67376,52.75%,5972.95272,61.54%,106.65987,1.1%,106.65987,1.0,746.61909,7.69%,639.95922,6.59%,2453.17701,3.83,46.67%,16.58%,4.558956993
2025-11-08,蛋仔派对,2969.18398,116899.21752,0.04%,42663.948,72.73%,47463.64215,80.91%,213.31974,0.36%,213.31974,1.0,12372.54492,21.09%,9172.74882,15.64%,34664.45775,3.78,24.38%,8.57%,5.69869624125
2025-11-08,王者荣耀,2819.8954,99087.01923,0.1%,3946.41519,64.91%,4266.3948,70.18%,0.0,0.0%,0.0,0.0,533.29935,8.77%,533.29935,8.77%,2133.1974,4.0,29.69%,10.22%,2.7860292735
2025-11-08,光与夜之恋,547.39146,87034.45392,0.55%,213.31974,66.67%,213.31974,66.67%,0.0,0.0%,0.0,0.0,106.65987,33.33%,0.0,0.0%,0.0,,42.86%,30.0%,1.39301463675
2025-11-08,疯狂动物园,530.80384,82128.0999,0.05%,31038.02217,73.48%,33277.87944,78.79%,106.65987,0.25%,106.65987,1.0,7359.53103,17.42%,4693.03428,11.11%,19518.75621,4.16,33.03%,11.4%,4.3056816045
2025-11-08,原神,912.3191,61649.40486,0.03%,0.0,0.0%,0.0,0.0%,0.0,0.0%,0.0,0.0,0.0,0.0%,0.0,0.0%,0.0,0.0,14.29%,4.62%,1.64629002525
2025-11-08,光遇,580.5667,42770.60787,2.04%,0.0,0.0%,0.0,0.0%,0.0,0.0%,0.0,0.0,0.0,0.0%,0.0,0.0%,0.0,0.0,33.33%,10.0%,6.585160101
2025-11-08,崩坏：星穹铁道,663.5048,29331.46425,3.1%,38397.5532,54.46%,65275.84044,92.59%,2026.53753,2.87%,3093.13623,1.53,28904.82477,41.0%,106.65987,0.15%,106.65987,1.0,37.51%,18.82%,15.06988561575
2025-11-08,和平精英,613.74194,28478.18529,0.37%,1386.57831,86.67%,1386.57831,86.67%,0.0,0.0%,0.0,0.0,0.0,0.0%,0.0,0.0%,0.0,,51.72%,26.32%,3.039304662
2025-11-08,第五人格,281.98954,14932.3818,0.06%,9599.3883,43.06%,11625.92583,52.15%,213.31974,0.96%,213.31974,1.0,1813.21779,8.13%,1493.23818,6.7%,5759.63298,3.86,26.42%,8.54%,3.545855439
2025-11-08,元梦之星,66.35048,8746.10934,0.4%,1599.89805,93.75%,1493.23818,87.5%,0.0,0.0%,0.0,0.0,0.0,0.0%,0.0,0.0%,0.0,,51.61%,26.67%,2.40611619075
2025-11-08,绝区零,82.9381,8319.46986,0.55%,213.31974,66.67%,213.31974,66.67%,0.0,0.0%,0.0,0.0,0.0,0.0%,0.0,0.0%,0.0,,50.0%,21.43%,0.63318847125
2025-11-08,以闪亮之名,33.17524,6932.89155,0.04%,43303.90722,72.5%,46930.3428,78.57%,426.63948,0.71%,2026.53753,4.75,11839.24557,19.82%,8852.76921,14.82%,34237.81827,3.87,25.03%,8.31%,12.663769425
2025-11-08,白荆回廊,0.0,1813.21779,2.78%,0.0,0.0%,0.0,0.0%,0.0,0.0%,0.0,0.0,0.0,0.0%,0.0,0.0%,0.0,0.0,100.0%,100.0%,0.37991308275
2025-11-08,无畏契约,182.46382,1813.21779,0.06%,64742.54109,63.03%,75195.20835,73.21%,2239.85727,2.18%,15465.68115,6.9,22398.5727,21.81%,15359.02128,14.95%,59622.86733,3.88,41.46%,13.32%,8.73800090325
2025-11-08,肥狐乐园,0.0,1279.91844,0.1%,106.65987,16.67%,213.31974,33.33%,106.65987,16.67%,106.65987,1.0,0.0,0.0%,0.0,0.0%,0.0,,37.5%,11.76%,1.64629002525
2025-11-08,重返未来:1999,66.35048,1066.5987,0.03%,0.0,0.0%,0.0,0.0%,0.0,0.0%,0.0,0.0,0.0,0.0%,0.0,0.0%,0.0,0.0,11.11%,4.84%,1.13973924825
2025-11-08,桃源深处有人家,16.58762,959.93883,0.18%,106.65987,50.0%,106.65987,50.0%,106.65987,50.0%,106.65987,1.0,0.0,0.0%,0.0,0.0%,0.0,,6.45%,2.44%,1.2663769425
2025-11-08,代号：鸢,0.0,746.61909,0.05%,0.0,0.0%,106.65987,20.0%,0.0,0.0%,0.0,0.0,0.0,0.0%,0.0,0.0%,0.0,0.0,17.24%,8.33%,2.40611619075
2025-11-08,未定事件簿,0.0,533.29935,0.27%,18878.79699,61.89%,21331.974,69.93%,1066.5987,3.5%,2026.53753,1.9,4799.69415,15.73%,2453.17701,8.04%,7572.85077,3.09,38.96%,10.99%,5.69869624125
2025-11-09,蛋仔派对,2189.56584,105379.95156,0.16%,59836.18707,91.07%,62716.00356,95.45%,2453.17701,3.73%,6079.61259,2.48,11092.62648,16.88%,9812.70804,14.94%,36904.31502,3.76,51.63%,24.81%,24.314437296
2025-11-09,王者荣耀,2454.96776,90660.8895,1.43%,4906.35402,74.19%,5226.33363,79.03%,213.31974,3.23%,319.97961,1.5,1386.57831,20.97%,746.61909,11.29%,2239.85727,3.0,40.0%,16.15%,4.43231929875
2025-11-09,光与夜之恋,447.86574,83408.01834,0.04%,44583.82566,73.08%,49063.5402,80.42%,959.93883,1.57%,1173.25857,1.22,12585.86466,20.63%,9706.04817,15.91%,35944.37619,3.7,24.99%,8.66%,6.078609324
2025-11-09,疯狂动物园,547.39146,80634.86172,0.04%,7679.51064,50.7%,10772.64687,71.13%,213.31974,1.41%,213.31974,1.0,639.95922,4.23%,426.63948,2.82%,2133.1974,5.0,19.78%,6.06%,4.558956993
2025-11-09,原神,912.3191,60902.78577,1.34%,4906.35402,79.31%,4906.35402,79.31%,213.31974,3.45%,319.97961,1.5,1493.23818,24.14%,959.93883,15.52%,13332.48375,13.89,39.19%,13.39%,4.558956993
2025-11-09,光遇,563.97908,40210.77099,0.17%,61329.42525,88.33%,65062.5207,93.7%,2773.15662,3.99%,6399.5922,2.31,11625.92583,16.74%,9706.04817,13.98%,37650.93411,3.88,51.34%,25.64%,6.96507318375
2025-11-09,和平精英,796.20576,31144.68204,3.45%,0.0,0.0%,0.0,0.0%,0.0,0.0%,0.0,0.0,0.0,0.0%,0.0,0.0%,0.0,0.0,100.0%,50.0%,0.2532753885
2025-11-09,崩坏：星穹铁道,663.5048,30504.72282,0.14%,39250.83216,57.41%,46503.70332,68.02%,1706.55792,2.5%,5439.65337,3.19,8532.7896,12.48%,2453.17701,3.59%,14932.3818,6.09,24.49%,8.68%,6.96507318375
2025-11-09,第五人格,414.6905,13972.44297,0.11%,3839.75532,59.02%,4373.05467,67.21%,0.0,0.0%,0.0,0.0,533.29935,8.2%,533.29935,8.2%,2239.85727,4.2,29.61%,10.89%,2.91266696775
2025-11-09,元梦之星,116.11334,9706.04817,0.17%,62182.70421,87.67%,65169.18057,91.88%,1706.55792,2.41%,3946.41519,2.31,12479.20479,17.59%,10985.96661,15.49%,41490.68943,3.78,51.67%,26.41%,9.24455168025
2025-11-09,绝区零,149.28858,9066.08895,0.01%,106.65987,100.0%,106.65987,100.0%,0.0,0.0%,0.0,0.0,0.0,0.0%,0.0,0.0%,0.0,,16.67%,7.69%,0.2532753885
2025-11-09,以闪亮之名,82.9381,6826.23168,0.14%,39357.49203,58.39%,45757.08423,67.88%,1066.5987,1.58%,2453.17701,2.3,7466.1909,11.08%,3413.11584,5.06%,13545.80349,3.97,27.54%,8.49%,5.44542085275
2025-11-09,白荆回廊,0.0,1813.21779,1.64%,0.0,0.0%,0.0,0.0%,0.0,0.0%,0.0,0.0,0.0,0.0%,0.0,0.0%,0.0,0.0,25.0%,20.0%,0.0
2025-11-09,无畏契约,82.9381,1173.25857,7.69%,0.0,0.0%,0.0,0.0%,0.0,0.0%,0.0,0.0,0.0,0.0%,0.0,0.0%,0.0,0.0,50.0%,25.0%,0.0
2025-11-09,代号：鸢,0.0,1066.5987,3.06%,36904.31502,53.89%,62929.3233,91.9%,4159.73493,6.07%,10346.00739,2.49,25811.68854,37.69%,533.29935,0.78%,746.61909,1.4,35.57%,18.86%,22.288234188
2025-11-09,肥狐乐园,0.0,1066.5987,0.01%,106.65987,100.0%,106.65987,100.0%,0.0,0.0%,0.0,0.0,0.0,0.0%,0.0,0.0%,0.0,,100.0%,9.09%,0.88646385975
2025-11-09,桃源深处有人家,16.58762,853.27896,0.07%,0.0,0.0%,106.65987,14.29%,0.0,0.0%,0.0,0.0,0.0,0.0%,0.0,0.0%,0.0,0.0,25.0%,11.29%,4.68559468725
2025-11-09,重返未来:1999,66.35048,746.61909,0.01%,106.65987,100.0%,106.65987,100.0%,0.0,0.0%,0.0,0.0,0.0,0.0%,0.0,0.0%,0.0,,100.0%,9.09%,0.37991308275
2025-11-09,未定事件簿,16.58762,319.97961,3.45%,0.0,0.0%,0.0,0.0%,0.0,0.0%,0.0,0.0,0.0,0.0%,0.0,0.0%,0.0,0.0,50.0%,50.0%,0.37991308275
2025-11-10,光与夜之恋,298.57716,76901.76627,0.01%,106.65987,100.0%,106.65987,100.0%,0.0,0.0%,0.0,0.0,0.0,0.0%,0.0,0.0%,0.0,,16.67%,6.67%,0.0
2025-11-10,王者荣耀,1310.42198,67622.35758,0.12%,7679.51064,67.92%,7999.49025,70.75%,319.97961,2.83%,1066.5987,3.33,746.61909,6.6%,213.31974,1.89%,1599.89805,7.5,30.81%,11.86%,10.3842909285
2025-11-10,疯狂动物园,431.27812,67409.03784,0.13%,5332.9935,78.13%,5439.65337,79.69%,0.0,0.0%,0.0,0.0,1279.91844,18.75%,853.27896,12.5%,2666.49675,3.13,55.17%,24.81%,3.92576852175
2025-11-10,蛋仔派对,862.55624,65382.50031,2.7%,0.0,0.0%,106.65987,100.0%,0.0,0.0%,0.0,0.0,0.0,0.0%,0.0,0.0%,0.0,0.0,100.0%,100.0%,1.64629002525
2025-11-10,原神,381.51526,45223.78488,1.28%,4799.69415,81.82%,4693.03428,80.0%,213.31974,3.64%,319.97961,1.5,1066.5987,18.18%,853.27896,14.55%,2986.47636,3.5,35.95%,12.64%,4.17904391025
2025-11-10,光遇,265.40192,29544.78399,0.11%,4586.37441,82.69%,4906.35402,88.46%,0.0,0.0%,0.0,0.0,746.61909,13.46%,639.95922,11.54%,2559.83688,4.0,44.07%,20.0%,4.68559468725
2025-11-10,崩坏：星穹铁道,381.51526,22505.23257,0.01%,106.65987,100.0%,106.65987,100.0%,0.0,0.0%,0.0,0.0,0.0,0.0%,0.0,0.0%,0.0,,14.29%,8.33%,0.0
2025-11-10,和平精英,265.40192,18772.13712,0.17%,4693.03428,48.35%,4799.69415,49.45%,106.65987,1.1%,319.97961,3.0,426.63948,4.4%,426.63948,4.4%,2026.53753,4.75,40.44%,15.99%,3.2925800505
2025-11-10,第五人格,149.28858,9599.3883,0.11%,6826.23168,67.37%,7252.87116,71.58%,213.31974,2.11%,426.63948,2.0,639.95922,6.32%,106.65987,1.05%,213.31974,2.0,31.67%,9.95%,6.3318847125
2025-11-10,绝区零,82.9381,7252.87116,0.02%,106.65987,50.0%,213.31974,100.0%,0.0,0.0%,0.0,0.0,0.0,0.0%,0.0,0.0%,0.0,,33.33%,15.38%,1.13973924825
2025-11-10,元梦之星,49.76286,7039.55142,0.74%,319.97961,75.0%,213.31974,50.0%,0.0,0.0%,0.0,0.0,106.65987,25.0%,106.65987,25.0%,213.31974,2.0,80.0%,28.57%,3.039304662
2025-11-10,以闪亮之名,0.0,5439.65337,3.46%,38610.87294,49.52%,70822.15368,90.83%,3413.11584,4.38%,5332.9935,1.56,29118.14451,37.35%,639.95922,0.82%,1599.89805,2.5,37.99%,20.8%,15.82971178125
2025-11-10,白荆回廊,0.0,1599.89805,0.04%,0.0,0.0%,106.65987,25.0%,0.0,0.0%,0.0,0.0,0.0,0.0%,0.0,0.0%,0.0,0.0,16.0%,6.35%,1.13973924825
2025-11-10,无畏契约,0.0,1066.5987,0.11%,5013.01389,83.93%,5226.33363,87.5%,0.0,0.0%,0.0,0.0,1386.57831,23.21%,1173.25857,19.64%,4053.07506,3.45,45.9%,21.46%,4.93887007575
2025-11-10,代号：鸢,0.0,639.95922,0.04%,0.0,0.0%,0.0,0.0%,0.0,0.0%,0.0,0.0,0.0,0.0%,0.0,0.0%,0.0,0.0,14.81%,6.56%,0.7598261655
2025-11-10,未定事件簿,0.0,533.29935,0.2%,70928.81355,85.04%,77648.38536,93.09%,4693.03428,5.63%,22078.59309,4.7,13332.48375,15.98%,10879.30674,13.04%,45650.42436,4.2,56.26%,31.12%,8.611363209
2025-11-10,肥狐乐园,0.0,533.29935,0.09%,11945.90544,38.36%,20158.71543,64.73%,533.29935,1.71%,2879.81649,5.4,3946.41519,12.67%,2133.1974,6.85%,8319.46986,3.9,37.24%,11.78%,8.611363209
2025-11-10,桃源深处有人家,0.0,426.63948,0.42%,1706.55792,94.12%,1706.55792,94.12%,0.0,0.0%,0.0,0.0,0.0,0.0%,0.0,0.0%,0.0,,60.71%,32.69%,1.89956541375
2025-11-10,重返未来:1999,16.58762,426.63948,0.28%,106.65987,10.0%,426.63948,40.0%,0.0,0.0%,0.0,0.0,106.65987,10.0%,106.65987,10.0%,106.65987,0.0,29.41%,9.17%,3.92576852175
2025-11-11,光与夜之恋,265.40192,73381.99056,0.05%,25598.3688,64.69%,31677.98139,80.05%,3413.11584,8.63%,7359.53103,2.16,8106.15012,20.49%,2986.47636,7.55%,49596.83955,16.61,40.59%,14.78%,17.85591488925
2025-11-11,疯狂动物园,265.40192,66875.73849,0.08%,0.0,0.0%,106.65987,20.0%,0.0,0.0%,0.0,0.0,0.0,0.0%,0.0,0.0%,0.0,0.0,22.73%,8.62%,1.519652331
2025-11-11,王者荣耀,1360.18484,66342.43914,0.35%,1279.91844,85.71%,1279.91844,85.71%,0.0,0.0%,0.0,0.0,0.0,0.0%,0.0,0.0%,0.0,,50.0%,23.33%,1.2663769425
2025-11-11,蛋仔派对,779.61814,61542.74499,0.09%,0.0,0.0%,106.65987,16.67%,0.0,0.0%,0.0,0.0,0.0,0.0%,0.0,0.0%,0.0,0.0,27.27%,10.34%,2.026203108
2025-11-11,原神,431.27812,46183.72371,0.04%,0.0,0.0%,213.31974,50.0%,0.0,0.0%,0.0,0.0,106.65987,25.0%,0.0,0.0%,0.0,0.0,18.18%,6.15%,1.7729277195
2025-11-11,光遇,232.22668,31038.02217,0.04%,45543.76449,69.43%,51090.07773,77.89%,639.95922,0.98%,1279.91844,2.0,14079.10284,21.46%,10665.987,16.26%,43197.24735,4.05,24.58%,9.01%,6.8384354895
2025-11-11,崩坏：星穹铁道,414.6905,22291.91283,0.14%,0.0,0.0%,0.0,0.0%,0.0,0.0%,0.0,0.0,0.0,0.0%,0.0,0.0%,0.0,0.0,45.0%,15.52%,8.3580878205
2025-11-11,和平精英,331.7524,16852.25946,1.64%,0.0,0.0%,0.0,0.0%,0.0,0.0%,0.0,0.0,0.0,0.0%,0.0,0.0%,0.0,0.0,50.0%,25.0%,0.0
2025-11-11,第五人格,82.9381,9599.3883,0.18%,14079.10284,70.59%,15039.04167,75.4%,106.65987,0.53%,106.65987,1.0,2986.47636,14.97%,1706.55792,8.56%,6079.61259,3.56,30.71%,7.2%,4.558956993
2025-11-11,绝区零,16.58762,7572.85077,0.1%,6079.61259,67.06%,7039.55142,77.65%,0.0,0.0%,0.0,0.0,213.31974,2.35%,0.0,0.0%,0.0,,29.21%,8.95%,4.558956993
2025-11-11,元梦之星,16.58762,6719.57181,0.11%,4586.37441,70.49%,4799.69415,73.77%,0.0,0.0%,0.0,0.0,639.95922,9.84%,639.95922,9.84%,2986.47636,4.67,31.44%,10.91%,6.3318847125
2025-11-11,以闪亮之名,49.76286,6399.5922,0.05%,31038.02217,72.75%,33277.87944,78.0%,533.29935,1.25%,533.29935,1.0,6719.57181,15.75%,4053.07506,9.5%,16212.30024,4.0,32.36%,8.73%,6.078609324
2025-11-11,白荆回廊,16.58762,2026.53753,0.28%,0.0,0.0%,213.31974,20.0%,0.0,0.0%,0.0,0.0,213.31974,20.0%,0.0,0.0%,0.0,0.0,40.0%,8.4%,4.17904391025
2025-11-11,无畏契约,33.17524,959.93883,0.56%,0.0,0.0%,213.31974,28.57%,0.0,0.0%,0.0,0.0,106.65987,14.29%,0.0,0.0%,0.0,0.0,14.29%,3.91%,2.65939157925
2025-11-11,代号：鸢,0.0,853.27896,0.01%,106.65987,100.0%,106.65987,100.0%,0.0,0.0%,0.0,0.0,0.0,0.0%,0.0,0.0%,0.0,,100.0%,9.09%,0.63318847125
2025-11-11,桃源深处有人家,0.0,533.29935,0.05%,23571.83127,58.62%,30824.70243,76.66%,2133.1974,5.31%,7252.87116,3.4,7359.53103,18.3%,2559.83688,6.37%,15785.66076,6.17,38.31%,13.76%,9.8777401515
2025-11-11,肥狐乐园,0.0,533.29935,0.19%,47037.00267,51.88%,58556.26863,64.59%,959.93883,1.06%,1279.91844,1.33,10239.34752,11.29%,4266.3948,4.71%,29118.14451,6.83,33.48%,11.4%,5.8253339355
2025-11-11,重返未来:1999,0.0,319.97961,0.37%,213.31974,100.0%,213.31974,100.0%,0.0,0.0%,0.0,0.0,0.0,0.0%,0.0,0.0%,0.0,,33.33%,11.76%,0.506550777
2025-11-11,未定事件簿,0.0,213.31974,0.04%,20585.35491,66.78%,24531.7701,79.58%,1386.57831,4.5%,3839.75532,2.77,5332.9935,17.3%,2773.15662,9.0%,13865.7831,5.0,27.03%,10.4%,19.62884260875
2025-11-12,光与夜之恋,149.28858,70608.83394,0.06%,61542.74499,60.93%,73275.33069,72.54%,1386.57831,1.37%,2773.15662,2.0,21865.27335,21.65%,14932.3818,14.78%,59942.84694,4.01,40.47%,14.02%,11.01747939975
2025-11-12,王者荣耀,1625.58676,70182.19446,0.17%,60476.14629,87.23%,64315.90161,92.77%,2666.49675,3.85%,8319.46986,3.12,12585.86466,18.15%,9919.36791,14.31%,37224.29463,3.75,54.35%,25.68%,6.3318847125
2025-11-12,疯狂动物园,315.16478,66662.41875,0.08%,106.65987,20.0%,213.31974,40.0%,106.65987,20.0%,426.63948,4.0,106.65987,20.0%,0.0,0.0%,0.0,,29.41%,9.43%,9.624464763
2025-11-12,蛋仔派对,713.26766,63142.64304,0.17%,13119.16401,68.33%,14505.74232,75.56%,0.0,0.0%,0.0,0.0,2346.51714,12.22%,1279.91844,6.67%,5439.65337,4.25,30.41%,9.18%,4.052406216
2025-11-12,原神,364.92764,45330.44475,0.05%,0.0,0.0%,0.0,0.0%,0.0,0.0%,0.0,0.0,0.0,0.0%,0.0,0.0%,0.0,0.0,21.43%,5.66%,0.12663769425
2025-11-12,光遇,331.7524,29118.14451,0.07%,0.0,0.0%,106.65987,14.29%,0.0,0.0%,0.0,0.0,106.65987,14.29%,0.0,0.0%,0.0,0.0,33.33%,10.94%,1.7729277195
2025-11-12,崩坏：星穹铁道,232.22668,23038.53192,3.26%,39570.81177,53.38%,68475.63654,92.37%,3733.09545,5.04%,7572.85077,2.03,27411.58659,36.98%,106.65987,0.14%,213.31974,2.0,39.09%,19.73%,29.1266696775
2025-11-12,和平精英,232.22668,18238.83777,0.03%,106.65987,33.33%,106.65987,33.33%,0.0,0.0%,0.0,0.0,106.65987,33.33%,106.65987,33.33%,106.65987,0.0,21.43%,5.0%,2.65939157925
2025-11-12,第五人格,149.28858,11199.28635,0.8%,0.0,0.0%,746.61909,70.0%,0.0,0.0%,0.0,0.0,319.97961,30.0%,0.0,0.0%,0.0,0.0,26.32%,6.06%,6.20524701825
2025-11-12,绝区零,66.35048,7146.21129,0.4%,1493.23818,87.5%,1599.89805,93.75%,0.0,0.0%,0.0,0.0,0.0,0.0%,0.0,0.0%,0.0,,51.61%,27.12%,2.91266696775
2025-11-12,元梦之星,33.17524,6399.5922,0.04%,44050.52631,74.95%,47570.30202,80.94%,426.63948,0.73%,746.61909,1.75,12265.88505,20.87%,9812.70804,16.7%,35731.05645,3.64,24.62%,7.91%,5.95197162975
2025-11-12,以闪亮之名,0.0,5972.95272,2.04%,0.0,0.0%,106.65987,100.0%,0.0,0.0%,0.0,0.0,0.0,0.0%,0.0,0.0%,0.0,0.0,25.0%,8.33%,23.68124882475
2025-11-12,白荆回廊,0.0,2026.53753,0.45%,1599.89805,83.33%,1599.89805,83.33%,0.0,0.0%,0.0,0.0,0.0,0.0%,0.0,0.0%,0.0,,56.25%,31.58%,2.65939157925
2025-11-12,无畏契约,33.17524,853.27896,0.11%,4799.69415,80.36%,5013.01389,83.93%,0.0,0.0%,0.0,0.0,1066.5987,17.86%,1066.5987,17.86%,4373.05467,4.1,45.16%,21.21%,13.4235955905
2025-11-12,肥狐乐园,0.0,853.27896,2.98%,38610.87294,57.92%,61542.74499,92.32%,2773.15662,4.16%,6506.25207,2.35,26664.9675,40.0%,426.63948,0.64%,426.63948,1.0,34.65%,18.33%,17.222726418
2025-11-12,桃源深处有人家,16.58762,746.61909,0.12%,5332.9935,83.33%,5332.9935,83.33%,213.31974,3.33%,426.63948,2.0,1173.25857,18.33%,1066.5987,16.67%,4479.71454,4.2,46.88%,22.73%,6.3318847125
2025-11-12,代号：鸢,0.0,746.61909,2.99%,40210.77099,60.13%,61009.44564,91.23%,3413.11584,5.1%,10132.68765,2.97,27304.92672,40.83%,639.95922,0.96%,639.95922,1.0,34.02%,18.37%,20.64194416275
2025-11-12,未定事件簿,0.0,533.29935,0.07%,38290.89333,62.87%,44050.52631,72.33%,1386.57831,2.28%,1919.87766,1.38,10772.64687,17.69%,6079.61259,9.98%,23465.1714,3.86,40.81%,12.32%,5.8253339355
2025-11-12,重返未来:1999,16.58762,426.63948,1.84%,6186.27246,74.36%,6826.23168,82.05%,426.63948,5.13%,853.27896,2.0,1279.91844,15.38%,746.61909,8.97%,2986.47636,4.0,42.16%,14.83%,5.06550777
2025-11-13,疯狂动物园,364.92764,68475.63654,0.97%,319.97961,27.27%,639.95922,54.55%,319.97961,27.27%,426.63948,1.33,426.63948,36.36%,0.0,0.0%,0.0,,37.93%,14.67%,3.92576852175
2025-11-13,光与夜之恋,149.28858,67729.01745,0.05%,9066.08895,46.2%,11625.92583,59.24%,106.65987,0.54%,106.65987,1.0,2453.17701,12.5%,1493.23818,7.61%,4799.69415,3.21,23.26%,7.72%,8.23145012625
2025-11-13,王者荣耀,1127.95816,67302.37797,0.02%,106.65987,50.0%,106.65987,50.0%,0.0,0.0%,0.0,0.0,0.0,0.0%,0.0,0.0%,0.0,,33.33%,15.38%,0.2532753885
2025-11-13,蛋仔派对,680.09242,63355.96278,0.15%,58022.96928,90.52%,60476.14629,94.34%,639.95922,1.0%,1706.55792,2.67,11519.26596,17.97%,9599.3883,14.98%,33811.17879,3.52,48.74%,23.79%,10.25765323425
2025-11-13,原神,331.7524,41917.32891,0.04%,20265.3753,68.59%,24318.45036,82.31%,1066.5987,3.61%,3519.77571,3.3,4159.73493,14.08%,1279.91844,4.33%,10452.66726,8.17,30.14%,11.14%,12.9170448135
2025-11-13,光遇,232.22668,27731.5662,0.55%,0.0,0.0%,213.31974,28.57%,0.0,0.0%,0.0,0.0,0.0,0.0%,0.0,0.0%,0.0,0.0,13.21%,4.29%,8.23145012625
2025-11-13,崩坏：星穹铁道,265.40192,21651.95361,0.32%,1173.25857,84.62%,1173.25857,84.62%,0.0,0.0%,0.0,0.0,0.0,0.0%,0.0,0.0%,0.0,,48.15%,22.81%,1.64629002525
2025-11-13,和平精英,199.05144,16958.91933,1.58%,0.0,0.0%,319.97961,15.0%,0.0,0.0%,0.0,0.0,106.65987,5.0%,0.0,0.0%,0.0,0.0,41.67%,12.05%,6.71179779525
2025-11-13,第五人格,116.11334,8532.7896,0.96%,213.31974,16.67%,426.63948,33.33%,213.31974,16.67%,213.31974,1.0,106.65987,8.33%,0.0,0.0%,0.0,,27.91%,7.14%,5.44542085275
2025-11-13,绝区零,16.58762,6719.57181,0.1%,5759.63298,60.67%,6399.5922,67.42%,0.0,0.0%,0.0,0.0,533.29935,5.62%,0.0,0.0%,0.0,,29.57%,9.41%,3.16594235625
2025-11-13,元梦之星,49.76286,5972.95272,0.37%,213.31974,100.0%,213.31974,100.0%,0.0,0.0%,0.0,0.0,0.0,0.0%,0.0,0.0%,0.0,,66.67%,15.38%,2.7860292735
2025-11-13,以闪亮之名,49.76286,5972.95272,0.24%,0.0,0.0%,0.0,0.0%,0.0,0.0%,0.0,0.0,0.0,0.0%,0.0,0.0%,0.0,0.0,25.0%,11.11%,0.63318847125
2025-11-13,白荆回廊,0.0,1813.21779,0.48%,0.0,0.0%,0.0,0.0%,0.0,0.0%,0.0,0.0,0.0,0.0%,0.0,0.0%,0.0,0.0,66.67%,22.22%,0.506550777
2025-11-13,无畏契约,16.58762,746.61909,0.12%,4373.05467,65.08%,4373.05467,65.08%,319.97961,4.76%,639.95922,2.0,959.93883,14.29%,533.29935,7.94%,2026.53753,3.8,30.29%,11.75%,7.091710878
2025-11-13,代号：鸢,0.0,639.95922,0.01%,106.65987,100.0%,106.65987,100.0%,0.0,0.0%,0.0,0.0,0.0,0.0%,0.0,0.0%,0.0,,100.0%,8.33%,0.63318847125
2025-11-13,桃源深处有人家,0.0,319.97961,0.88%,319.97961,30.0%,319.97961,30.0%,213.31974,20.0%,213.31974,1.0,106.65987,10.0%,0.0,0.0%,0.0,,35.71%,12.66%,7.97817473775
2025-11-13,未定事件簿,0.0,213.31974,0.55%,213.31974,66.67%,213.31974,66.67%,0.0,0.0%,0.0,0.0,0.0,0.0%,0.0,0.0%,0.0,,42.86%,17.65%,0.63318847125
2025-11-13,重返未来:1999,0.0,213.31974,4.17%,106.65987,50.0%,213.31974,100.0%,0.0,0.0%,0.0,0.0,0.0,0.0%,0.0,0.0%,0.0,0.0,50.0%,15.38%,74.462964219
2025-11-13,肥狐乐园,0.0,213.31974,3.85%,0.0,0.0%,0.0,0.0%,0.0,0.0%,0.0,0.0,0.0,0.0%,0.0,0.0%,0.0,0.0,100.0%,50.0%,0.2532753885
2025-11-14,疯狂动物园,530.80384,85647.87561,4.08%,0.0,0.0%,106.65987,50.0%,0.0,0.0%,0.0,0.0,0.0,0.0%,0.0,0.0%,0.0,0.0,66.67%,22.22%,2.2794784965
2025-11-14,蛋仔派对,845.96862,72955.35108,0.22%,15572.34102,61.09%,17598.87855,69.04%,533.29935,2.09%,533.29935,1.0,4053.07506,15.9%,2133.1974,8.37%,6719.57181,3.15,39.18%,12.73%,4.43231929875
2025-11-14,王者荣耀,1210.89626,71995.41225,3.26%,40210.77099,53.7%,67729.01745,90.46%,2453.17701,3.28%,4693.03428,1.91,27411.58659,36.61%,213.31974,0.28%,213.31974,1.0,38.7%,20.18%,16.209624864
2025-11-14,光与夜之恋,331.7524,68368.97667,0.04%,45757.08423,67.14%,51516.71721,75.59%,639.95922,0.94%,1813.21779,2.83,12159.22518,17.84%,9386.06856,13.77%,33597.85905,3.58,26.36%,9.7%,9.8777401515
2025-11-14,原神,414.6905,48743.56059,0.05%,9386.06856,56.41%,12159.22518,73.08%,319.97961,1.92%,426.63948,1.33,1386.57831,8.33%,426.63948,2.56%,1493.23818,3.5,18.31%,6.6%,4.93887007575
2025-11-14,光遇,298.57716,32317.94061,0.63%,0.0,0.0%,319.97961,37.5%,0.0,0.0%,0.0,0.0,213.31974,25.0%,0.0,0.0%,0.0,0.0,14.81%,4.97%,14.31005945025
2025-11-14,崩坏：星穹铁道,281.98954,23251.85166,0.13%,4586.37441,59.72%,5439.65337,70.83%,0.0,0.0%,0.0,0.0,533.29935,6.94%,426.63948,5.56%,1919.87766,4.5,33.49%,12.74%,2.532753885
2025-11-14,和平精英,265.40192,20905.33452,0.88%,426.63948,40.0%,746.61909,70.0%,319.97961,30.0%,319.97961,1.0,106.65987,10.0%,0.0,0.0%,0.0,,25.64%,11.63%,20.13539338575
2025-11-14,第五人格,82.9381,11305.94622,0.11%,0.0,0.0%,0.0,0.0%,0.0,0.0%,0.0,0.0,0.0,0.0%,0.0,0.0%,0.0,0.0,15.38%,3.42%,1.7729277195
2025-11-14,绝区零,49.76286,7039.55142,0.7%,213.31974,25.0%,319.97961,37.5%,106.65987,12.5%,106.65987,1.0,0.0,0.0%,0.0,0.0%,0.0,,25.81%,9.76%,3.2925800505
2025-11-14,元梦之星,66.35048,6506.25207,0.37%,213.31974,100.0%,213.31974,100.0%,0.0,0.0%,0.0,0.0,0.0,0.0%,0.0,0.0%,0.0,,66.67%,15.38%,0.7598261655
2025-11-14,以闪亮之名,16.58762,6186.27246,0.06%,0.0,0.0%,106.65987,25.0%,0.0,0.0%,0.0,0.0,0.0,0.0%,0.0,0.0%,0.0,0.0,25.0%,7.69%,0.88646385975
2025-11-14,白荆回廊,0.0,1813.21779,0.37%,213.31974,100.0%,213.31974,100.0%,0.0,0.0%,0.0,0.0,0.0,0.0%,0.0,0.0%,0.0,,40.0%,15.38%,0.63318847125
2025-11-14,代号：鸢,0.0,1173.25857,2.04%,0.0,0.0%,106.65987,100.0%,0.0,0.0%,0.0,0.0,0.0,0.0%,0.0,0.0%,0.0,0.0,20.0%,8.33%,0.88646385975
2025-11-14,无畏契约,33.17524,1066.5987,0.1%,3946.41519,66.07%,4586.37441,76.79%,0.0,0.0%,0.0,0.0,746.61909,12.5%,533.29935,8.93%,2346.51714,4.4,27.05%,10.29%,3.2925800505
2025-11-14,桃源深处有人家,0.0,959.93883,0.42%,1386.57831,76.47%,1386.57831,76.47%,0.0,0.0%,0.0,0.0,0.0,0.0%,0.0,0.0%,0.0,,56.67%,30.36%,1.13973924825
2025-11-14,重返未来:1999,49.76286,959.93883,0.06%,0.0,0.0%,0.0,0.0%,0.0,0.0%,0.0,0.0,0.0,0.0%,0.0,0.0%,0.0,0.0,7.41%,1.82%,26.847191181
2025-11-14,未定事件簿,0.0,639.95922,3.02%,39784.13151,59.02%,60582.80616,89.87%,2666.49675,3.96%,8639.44947,3.24,25918.34841,38.45%,639.95922,0.95%,1279.91844,2.0,33.37%,18.35%,28.873394289
2025-11-14,肥狐乐园,0.0,533.29935,0.06%,69755.55498,66.19%,81488.14068,77.33%,2666.49675,2.53%,8106.15012,3.04,28051.54581,26.62%,20052.05556,19.03%,80208.22224,4.0,41.29%,13.27%,9.49782706875
2025-11-15,蛋仔派对,1725.11248,102713.45481,0.16%,13012.50414,73.05%,13439.14362,75.45%,106.65987,0.6%,106.65987,1.0,2346.51714,13.17%,1386.57831,7.78%,5759.63298,4.15,28.5%,9.82%,3.545855439
2025-11-15,王者荣耀,1575.8239,88314.37236,0.16%,0.0,0.0%,106.65987,50.0%,0.0,0.0%,0.0,0.0,106.65987,50.0%,0.0,0.0%,0.0,0.0,5.13%,1.32%,6.3318847125
2025-11-15,疯狂动物园,1061.60768,85861.19535,1.61%,0.0,0.0%,106.65987,100.0%,0.0,0.0%,0.0,0.0,0.0,0.0%,0.0,0.0%,0.0,0.0,50.0%,16.67%,2.15284080225
2025-11-15,光与夜之恋,497.6286,73168.67082,0.18%,63462.62265,84.88%,69115.59576,92.44%,4159.73493,5.56%,22185.25296,5.33,12479.20479,16.69%,10026.02778,13.41%,39570.81177,3.95,57.98%,27.59%,15.703074087
2025-11-15,原神,514.21622,56423.07123,0.55%,213.31974,66.67%,213.31974,66.67%,0.0,0.0%,0.0,0.0,0.0,0.0%,0.0,0.0%,0.0,,50.0%,27.27%,1.013101554
2025-11-15,光遇,364.92764,39037.51242,0.11%,4586.37441,82.69%,4479.71454,80.77%,0.0,0.0%,0.0,0.0,853.27896,15.38%,746.61909,13.46%,2879.81649,3.86,45.22%,20.31%,3.545855439
2025-11-15,崩坏：星穹铁道,381.51526,27838.22607,0.2%,0.0,0.0%,213.31974,28.57%,0.0,0.0%,0.0,0.0,0.0,0.0%,0.0,0.0%,0.0,0.0,26.92%,7.37%,0.63318847125
2025-11-15,和平精英,199.05144,27304.92672,0.44%,213.31974,40.0%,319.97961,60.0%,213.31974,40.0%,213.31974,1.0,0.0,0.0%,0.0,0.0%,0.0,,12.82%,6.41%,3.545855439
2025-11-15,第五人格,116.11334,11839.24557,0.09%,0.0,0.0%,0.0,0.0%,0.0,0.0%,0.0,0.0,0.0,0.0%,0.0,0.0%,0.0,0.0,40.0%,10.53%,1.7729277195
2025-11-15,元梦之星,49.76286,7786.17051,0.17%,62609.34369,89.76%,65382.50031,93.73%,1919.87766,2.75%,4266.3948,2.22,11519.26596,16.51%,10452.66726,14.98%,38397.5532,3.67,50.97%,25.99%,8.3580878205
2025-11-15,绝区零,49.76286,7359.53103,2.93%,37010.97489,55.7%,61436.08512,92.46%,1173.25857,1.77%,1919.87766,1.64,27624.90633,41.57%,426.63948,0.64%,426.63948,1.0,32.28%,17.82%,16.4629002525
2025-11-15,以闪亮之名,49.76286,6612.91194,1.49%,5332.9935,78.13%,5652.97311,82.81%,319.97961,4.69%,426.63948,1.33,959.93883,14.06%,853.27896,12.5%,3626.43558,4.25,40.76%,11.68%,4.052406216
2025-11-15,白荆回廊,0.0,1706.55792,0.07%,10452.66726,38.28%,15998.9805,58.59%,533.29935,1.95%,1066.5987,2.0,2773.15662,10.16%,1706.55792,6.25%,6292.93233,3.69,32.95%,10.26%,7.97817473775
2025-11-15,代号：鸢,0.0,959.93883,1.48%,5119.67376,76.19%,5119.67376,76.19%,319.97961,4.76%,426.63948,1.33,1173.25857,17.46%,639.95922,9.52%,2133.1974,3.33,36.21%,11.6%,3.7991308275
2025-11-15,无畏契约,16.58762,853.27896,0.12%,7252.87116,64.76%,7892.83038,70.48%,106.65987,0.95%,319.97961,3.0,959.93883,8.57%,106.65987,0.95%,106.65987,1.0,30.97%,10.8%,4.17904391025
2025-11-15,肥狐乐园,0.0,853.27896,0.11%,4586.37441,71.67%,4693.03428,73.33%,106.65987,1.67%,106.65987,1.0,639.95922,10.0%,533.29935,8.33%,1919.87766,3.6,28.17%,11.09%,3.545855439
2025-11-15,重返未来:1999,49.76286,746.61909,0.1%,6612.91194,68.89%,7572.85077,78.89%,426.63948,4.44%,1066.5987,2.5,426.63948,4.44%,106.65987,1.11%,319.97961,3.0,27.27%,9.29%,5.572058547
2025-11-15,未定事件簿,0.0,639.95922,0.1%,4479.71454,82.35%,4479.71454,82.35%,106.65987,1.96%,213.31974,2.0,1066.5987,19.61%,959.93883,17.65%,4799.69415,5.0,40.16%,19.17%,3.67249313325
2025-11-15,桃源深处有人家,0.0,426.63948,0.08%,0.0,0.0%,106.65987,20.0%,0.0,0.0%,0.0,0.0,0.0,0.0%,0.0,0.0%,0.0,0.0,23.81%,10.0%,2.7860292735
2025-11-16,蛋仔派对,1277.24674,95567.24352,0.06%,0.0,0.0%,0.0,0.0%,0.0,0.0%,0.0,0.0,0.0,0.0%,0.0,0.0%,0.0,0.0,23.53%,7.55%,0.12663769425
2025-11-16,王者荣耀,1509.47342,78501.66432,0.11%,3946.41519,63.79%,4693.03428,75.86%,0.0,0.0%,0.0,0.0,746.61909,12.07%,533.29935,8.62%,2239.85727,4.2,30.05%,10.27%,4.558956993
2025-11-16,疯狂动物园,613.74194,77968.36497,3.01%,38184.23346,55.16%,64209.24174,92.76%,3733.09545,5.39%,5439.65337,1.46,28478.18529,41.14%,319.97961,0.46%,426.63948,1.33,35.45%,18.87%,17.34936411225
2025-11-16,光与夜之恋,248.8143,71782.09251,0.02%,0.0,0.0%,0.0,0.0%,0.0,0.0%,0.0,0.0,0.0,0.0%,0.0,0.0%,0.0,0.0,10.53%,3.08%,0.2532753885
2025-11-16,原神,514.21622,51303.39747,0.04%,19838.73582,69.14%,23571.83127,82.16%,1386.57831,4.83%,5652.97311,4.08,4906.35402,17.1%,1279.91844,4.46%,6292.93233,4.92,29.63%,10.82%,9.624464763
2025-11-16,光遇,348.34002,39464.1519,0.18%,13439.14362,65.28%,15572.34102,75.65%,319.97961,1.55%,746.61909,2.33,2773.15662,13.47%,1066.5987,5.18%,3626.43558,3.4,32.06%,9.49%,4.93887007575
2025-11-16,和平精英,331.7524,27091.60698,0.37%,213.31974,100.0%,213.31974,100.0%,0.0,0.0%,0.0,0.0,0.0,0.0%,0.0,0.0%,0.0,,33.33%,14.29%,0.63318847125
2025-11-16,崩坏：星穹铁道,315.16478,23465.1714,0.14%,7892.83038,58.27%,9492.72843,70.08%,319.97961,2.36%,426.63948,1.33,959.93883,7.09%,106.65987,0.79%,639.95922,6.0,36.6%,13.17%,5.8253339355
2025-11-16,第五人格,165.8762,11839.24557,0.03%,0.0,0.0%,0.0,0.0%,0.0,0.0%,0.0,0.0,0.0,0.0%,0.0,0.0%,0.0,0.0,20.0%,5.17%,1.39301463675
2025-11-16,元梦之星,66.35048,8746.10934,1.61%,5439.65337,73.91%,5546.31324,75.36%,319.97961,4.35%,426.63948,1.33,1173.25857,15.94%,853.27896,11.59%,3413.11584,4.0,43.13%,12.39%,4.558956993
2025-11-16,绝区零,82.9381,7786.17051,0.15%,41704.00917,58.71%,47356.98228,66.67%,959.93883,1.35%,1813.21779,1.89,7039.55142,9.91%,3093.13623,4.35%,17705.53842,5.72,28.94%,8.89%,5.3187831585
2025-11-16,以闪亮之名,16.58762,5119.67376,0.11%,0.0,0.0%,0.0,0.0%,0.0,0.0%,0.0,0.0,0.0,0.0%,0.0,0.0%,0.0,0.0,25.0%,11.48%,0.7598261655
2025-11-16,白荆回廊,0.0,1919.87766,0.97%,319.97961,27.27%,639.95922,54.55%,319.97961,27.27%,319.97961,1.0,0.0,0.0%,0.0,0.0%,0.0,,40.74%,13.25%,3.2925800505
2025-11-16,无畏契约,82.9381,1173.25857,0.44%,319.97961,60.0%,426.63948,80.0%,319.97961,60.0%,319.97961,1.0,213.31974,40.0%,0.0,0.0%,0.0,,18.52%,6.1%,5.06550777
2025-11-16,肥狐乐园,0.0,1173.25857,0.55%,213.31974,66.67%,213.31974,66.67%,0.0,0.0%,0.0,0.0,0.0,0.0%,0.0,0.0%,0.0,,60.0%,21.43%,0.506550777
2025-11-16,重返未来:1999,49.76286,1066.5987,0.09%,5652.97311,66.25%,6506.25207,76.25%,0.0,0.0%,0.0,0.0,319.97961,3.75%,106.65987,1.25%,319.97961,3.0,25.16%,8.24%,3.67249313325
2025-11-16,代号：鸢,0.0,746.61909,0.2%,15359.02128,68.9%,17598.87855,78.95%,639.95922,2.87%,1813.21779,2.83,3626.43558,16.27%,1706.55792,7.66%,5546.31324,3.25,29.44%,8.01%,19.62884260875
2025-11-16,桃源深处有人家,0.0,213.31974,0.06%,0.0,0.0%,106.65987,25.0%,0.0,0.0%,0.0,0.0,0.0,0.0%,0.0,0.0%,0.0,0.0,16.0%,6.35%,1.2663769425
2025-11-16,未定事件簿,0.0,213.31974,0.1%,0.0,0.0%,106.65987,16.67%,0.0,0.0%,0.0,0.0,0.0,0.0%,0.0,0.0%,0.0,0.0,28.57%,12.77%,1.013101554
2025-11-17,光与夜之恋,248.8143,72422.05173,0.13%,7999.49025,63.56%,9812.70804,77.97%,426.63948,3.39%,533.29935,1.25,533.29935,4.24%,0.0,0.0%,0.0,,39.33%,13.15%,5.06550777
2025-11-17,疯狂动物园,613.74194,69755.55498,0.15%,4586.37441,51.81%,5013.01389,56.63%,0.0,0.0%,0.0,0.0,746.61909,8.43%,533.29935,6.02%,2346.51714,4.4,40.49%,14.74%,3.41921774475
2025-11-17,王者荣耀,978.66958,67622.35758,0.19%,14292.42258,65.05%,15572.34102,70.87%,319.97961,1.46%,426.63948,1.33,2879.81649,13.11%,1173.25857,5.34%,3946.41519,3.36,34.51%,10.7%,4.93887007575
2025-11-17,蛋仔派对,464.45336,58769.58837,0.22%,106.65987,12.5%,319.97961,37.5%,0.0,0.0%,0.0,0.0,319.97961,37.5%,106.65987,12.5%,213.31974,0.0,24.24%,8.42%,4.43231929875
2025-11-17,原神,199.05144,42663.948,7.69%,0.0,0.0%,0.0,0.0%,0.0,0.0%,0.0,0.0,0.0,0.0%,0.0,0.0%,0.0,0.0,25.0%,25.0%,0.2532753885
2025-11-17,光遇,248.8143,30078.08334,0.05%,8319.46986,49.37%,11412.60609,67.72%,106.65987,0.63%,319.97961,3.0,1919.87766,11.39%,959.93883,5.7%,3839.75532,4.0,18.54%,6.47%,6.20524701825
2025-11-17,崩坏：星穹铁道,182.46382,19838.73582,0.09%,10346.00739,31.19%,19305.43647,58.2%,426.63948,1.29%,4373.05467,10.25,3306.45597,9.97%,1813.21779,5.47%,7572.85077,4.18,36.76%,12.38%,8.99127629175
2025-11-17,和平精英,281.98954,16958.91933,0.22%,0.0,0.0%,0.0,0.0%,0.0,0.0%,0.0,0.0,0.0,0.0%,0.0,0.0%,0.0,0.0,30.77%,7.55%,0.63318847125
2025-11-17,第五人格,116.11334,9812.70804,0.04%,43517.22696,65.91%,47890.28163,72.54%,533.29935,0.81%,533.29935,1.0,11092.62648,16.8%,8106.15012,12.28%,29971.42347,3.7,27.4%,9.19%,5.572058547
2025-11-17,绝区零,49.76286,6506.25207,0.7%,213.31974,25.0%,426.63948,50.0%,213.31974,25.0%,213.31974,1.0,213.31974,25.0%,0.0,0.0%,0.0,,27.59%,9.88%,5.69869624125
2025-11-17,元梦之星,0.0,5439.65337,0.1%,4479.71454,87.5%,4479.71454,87.5%,106.65987,2.08%,106.65987,1.0,746.61909,14.58%,639.95922,12.5%,2453.17701,3.83,42.48%,18.46%,3.92576852175
2025-11-17,以闪亮之名,0.0,5226.33363,0.02%,0.0,0.0%,0.0,0.0%,0.0,0.0%,0.0,0.0,0.0,0.0%,0.0,0.0%,0.0,0.0,9.52%,3.17%,1.7729277195
2025-11-17,白荆回廊,0.0,1493.23818,0.37%,213.31974,100.0%,213.31974,100.0%,0.0,0.0%,0.0,0.0,0.0,0.0%,0.0,0.0%,0.0,,40.0%,15.38%,2.91266696775
2025-11-17,代号：鸢,0.0,639.95922,0.1%,7359.53103,76.67%,7892.83038,82.22%,213.31974,2.22%,533.29935,2.5,213.31974,2.22%,106.65987,1.11%,213.31974,2.0,27.11%,9.26%,3.92576852175
2025-11-17,肥狐乐园,0.0,639.95922,0.12%,4693.03428,66.67%,5119.67376,72.73%,213.31974,3.03%,213.31974,1.0,426.63948,6.06%,426.63948,6.06%,2133.1974,5.0,32.51%,12.2%,3.16594235625
2025-11-17,未定事件簿,0.0,426.63948,0.11%,0.0,0.0%,0.0,0.0%,0.0,0.0%,0.0,0.0,0.0,0.0%,0.0,0.0%,0.0,0.0,31.82%,11.29%,13.170320202
2025-11-17,重返未来:1999,0.0,213.31974,3.29%,39784.13151,54.45%,67409.03784,92.26%,3733.09545,5.11%,9279.40869,2.49,29758.10373,40.73%,639.95922,0.88%,1173.25857,1.83,33.17%,19.82%,17.85591488925
2025-11-17,无畏契约,0.0,213.31974,0.01%,106.65987,100.0%,106.65987,100.0%,0.0,0.0%,0.0,0.0,0.0,0.0%,0.0,0.0%,0.0,,25.0%,6.67%,0.0
2025-11-17,桃源深处有人家,0.0,106.65987,0.91%,0.0,0.0%,533.29935,45.45%,0.0,0.0%,0.0,0.0,106.65987,9.09%,0.0,0.0%,0.0,0.0,20.75%,7.01%,2.2794784965
2025-11-18,疯狂动物园,464.45336,70395.5142,0.05%,24425.11023,62.23%,28584.84516,72.83%,3093.13623,7.88%,8532.7896,2.76,7999.49025,20.38%,2986.47636,7.61%,19092.11673,6.39,41.35%,14.75%,10.637566317
2025-11-18,光与夜之恋,248.8143,68902.27602,1.92%,5439.65337,61.45%,6186.27246,69.88%,213.31974,2.41%,319.97961,1.5,1493.23818,16.87%,1173.25857,13.25%,5226.33363,4.45,51.55%,19.26%,4.052406216
2025-11-18,王者荣耀,1310.42198,67409.03784,0.11%,4159.73493,63.93%,4586.37441,70.49%,106.65987,1.64%,106.65987,1.0,426.63948,6.56%,426.63948,6.56%,2026.53753,4.75,28.24%,10.99%,2.40611619075
2025-11-18,蛋仔派对,696.68004,59729.5272,0.45%,1493.23818,77.78%,1599.89805,83.33%,0.0,0.0%,0.0,0.0,0.0,0.0%,0.0,0.0%,0.0,,62.07%,31.03%,5.69869624125
2025-11-18,原神,298.57716,43090.58748,0.24%,0.0,0.0%,0.0,0.0%,0.0,0.0%,0.0,0.0,0.0,0.0%,0.0,0.0%,0.0,0.0,50.0%,12.5%,0.2532753885
2025-11-18,光遇,281.98954,29118.14451,0.02%,106.65987,50.0%,106.65987,50.0%,0.0,0.0%,0.0,0.0,0.0,0.0%,0.0,0.0%,0.0,,28.57%,16.67%,1.64629002525
2025-11-18,崩坏：星穹铁道,199.05144,20692.01478,0.24%,0.0,0.0%,0.0,0.0%,0.0,0.0%,0.0,0.0,0.0,0.0%,0.0,0.0%,0.0,0.0,50.0%,12.5%,0.2532753885
2025-11-18,和平精英,248.8143,16958.91933,0.35%,1173.25857,78.57%,1173.25857,78.57%,0.0,0.0%,0.0,0.0,106.65987,7.14%,0.0,0.0%,0.0,,45.16%,24.14%,1.519652331
2025-11-18,第五人格,116.11334,9492.72843,0.14%,4479.71454,56.76%,4906.35402,62.16%,106.65987,1.35%,213.31974,2.0,1066.5987,13.51%,639.95922,8.11%,2559.83688,4.0,36.1%,13.19%,3.545855439
2025-11-18,绝区零,16.58762,6826.23168,0.04%,20905.33452,71.79%,23038.53192,79.12%,1386.57831,4.76%,2346.51714,1.69,5652.97311,19.41%,2133.1974,7.33%,10559.32713,4.95,30.88%,10.26%,13.29695789625
2025-11-18,以闪亮之名,66.35048,6612.91194,0.06%,0.0,0.0%,106.65987,25.0%,0.0,0.0%,0.0,0.0,106.65987,25.0%,0.0,0.0%,0.0,0.0,25.0%,7.84%,6.96507318375
2025-11-18,元梦之星,33.17524,6506.25207,0.48%,0.0,0.0%,106.65987,16.67%,0.0,0.0%,0.0,0.0,0.0,0.0%,0.0,0.0%,0.0,0.0,15.79%,3.55%,1.89956541375
2025-11-18,白荆回廊,0.0,1599.89805,0.01%,106.65987,100.0%,106.65987,100.0%,0.0,0.0%,0.0,0.0,0.0,0.0%,0.0,0.0%,0.0,,50.0%,8.33%,0.0
2025-11-18,肥狐乐园,0.0,853.27896,0.2%,14825.72193,64.35%,16532.27985,71.76%,106.65987,0.46%,106.65987,1.0,3199.7961,13.89%,1706.55792,7.41%,5439.65337,3.19,30.17%,8.29%,3.67249313325
2025-11-18,无畏契约,33.17524,639.95922,0.2%,15252.36141,67.77%,17812.19829,79.15%,853.27896,3.79%,1919.87766,2.25,3839.75532,17.06%,2239.85727,9.95%,7572.85077,3.38,29.14%,8.08%,4.68559468725
2025-11-18,桃源深处有人家,0.0,426.63948,0.13%,5546.31324,80.0%,5866.29285,84.62%,106.65987,1.54%,426.63948,4.0,1599.89805,23.08%,1386.57831,20.0%,5866.29285,4.23,50.78%,23.81%,5.44542085275
2025-11-18,代号：鸢,0.0,426.63948,3.68%,41597.3493,50.65%,74555.24913,90.78%,3626.43558,4.42%,8532.7896,2.35,29118.14451,35.45%,639.95922,0.78%,2453.17701,3.83,39.13%,22.36%,15.82971178125
2025-11-18,未定事件簿,0.0,426.63948,0.01%,106.65987,100.0%,106.65987,100.0%,0.0,0.0%,0.0,0.0,0.0,0.0%,0.0,0.0%,0.0,,25.0%,7.69%,0.63318847125
2025-11-18,重返未来:1999,16.58762,426.63948,0.09%,213.31974,22.22%,426.63948,44.44%,106.65987,11.11%,106.65987,1.0,106.65987,11.11%,106.65987,11.11%,106.65987,1.0,34.62%,14.29%,2.7860292735
2025-11-19,王者荣耀,1343.59722,71035.47342,1.05%,426.63948,33.33%,533.29935,41.67%,426.63948,33.33%,426.63948,1.0,213.31974,16.67%,0.0,0.0%,0.0,,38.71%,16.0%,5.06550777
2025-11-19,光与夜之恋,232.22668,69755.55498,0.12%,7252.87116,63.55%,8319.46986,72.9%,213.31974,1.87%,639.95922,3.0,1173.25857,10.28%,106.65987,0.93%,213.31974,2.0,34.41%,12.01%,4.3056816045
2025-11-19,疯狂动物园,431.27812,66449.09901,1.53%,4906.35402,69.7%,5439.65337,77.27%,213.31974,3.03%,319.97961,1.5,1066.5987,15.15%,533.29935,7.58%,1813.21779,3.4,44.0%,15.38%,5.06550777
2025-11-19,蛋仔派对,646.91718,57916.30941,0.44%,213.31974,40.0%,319.97961,60.0%,213.31974,40.0%,213.31974,1.0,0.0,0.0%,0.0,0.0%,0.0,,14.29%,6.85%,78.515370435
2025-11-19,原神,447.86574,44583.82566,0.61%,213.31974,28.57%,319.97961,42.86%,213.31974,28.57%,213.31974,1.0,0.0,0.0%,0.0,0.0%,0.0,,20.0%,9.33%,14.56333483875
2025-11-19,光遇,265.40192,29544.78399,0.13%,4266.3948,54.79%,4906.35402,63.01%,0.0,0.0%,0.0,0.0,426.63948,5.48%,319.97961,4.11%,1493.23818,4.67,32.74%,13.25%,2.15284080225
2025-11-19,崩坏：星穹铁道,248.8143,20692.01478,0.55%,213.31974,66.67%,213.31974,66.67%,0.0,0.0%,0.0,0.0,0.0,0.0%,0.0,0.0%,0.0,,50.0%,21.43%,1.7729277195
2025-11-19,和平精英,281.98954,17065.5792,1.63%,5439.65337,72.86%,5439.65337,72.86%,426.63948,5.71%,853.27896,2.0,1386.57831,18.57%,959.93883,12.86%,2986.47636,3.11,42.94%,13.49%,4.8122323815
2025-11-19,第五人格,33.17524,9066.08895,3.1%,40530.7506,57.66%,64955.86083,92.41%,4906.35402,6.98%,13865.7831,2.83,27518.24646,39.15%,213.31974,0.3%,213.31974,1.0,34.72%,18.85%,20.5153064685
2025-11-19,绝区零,49.76286,6719.57181,0.18%,13972.44297,67.53%,15998.9805,77.32%,213.31974,1.03%,426.63948,2.0,3093.13623,14.95%,1279.91844,6.19%,4693.03428,3.67,30.99%,7.48%,6.45852240675
2025-11-19,元梦之星,0.0,6612.91194,0.06%,0.0,0.0%,0.0,0.0%,0.0,0.0%,0.0,0.0,0.0,0.0%,0.0,0.0%,0.0,0.0,16.67%,6.9%,1.64629002525
2025-11-19,以闪亮之名,0.0,5759.63298,0.17%,45223.78488,57.61%,53543.25474,68.21%,2239.85727,2.85%,5546.31324,2.48,10026.02778,12.77%,3626.43558,4.62%,15145.70154,4.18,32.42%,9.7%,6.20524701825
2025-11-19,白荆回廊,0.0,1706.55792,0.17%,61542.74499,84.11%,66875.73849,91.4%,2986.47636,4.08%,9492.72843,3.18,12585.86466,17.2%,10132.68765,13.85%,38397.5532,3.79,51.04%,27.09%,8.48472551475
2025-11-19,无畏契约,66.35048,1066.5987,0.19%,15252.36141,70.44%,17065.5792,78.82%,319.97961,1.48%,639.95922,2.0,3306.45597,15.27%,1386.57831,6.4%,5013.01389,3.62,28.88%,7.78%,6.96507318375
2025-11-19,肥狐乐园,0.0,853.27896,0.05%,9706.04817,53.22%,12479.20479,68.42%,426.63948,2.34%,1599.89805,3.75,2666.49675,14.62%,1279.91844,7.02%,4693.03428,3.67,21.65%,7.0%,7.47162396075
2025-11-19,代号：鸢,0.0,639.95922,0.14%,39570.81177,58.52%,45970.40397,67.98%,746.61909,1.1%,2986.47636,4.0,7572.85077,11.2%,2986.47636,4.42%,14079.10284,4.71,25.14%,8.48%,5.19214546425
2025-11-19,未定事件簿,16.58762,639.95922,0.18%,67835.67732,88.21%,72315.39186,94.04%,7466.1909,9.71%,36051.03606,4.83,13119.16401,17.06%,10665.987,13.87%,40530.7506,3.8,51.87%,28.69%,24.18779960175
2025-11-19,重返未来:1999,66.35048,639.95922,0.05%,10026.02778,53.41%,12799.1844,68.18%,213.31974,1.14%,319.97961,1.5,2239.85727,11.93%,1386.57831,7.39%,4906.35402,3.54,22.39%,7.12%,5.06550777
2025-11-19,桃源深处有人家,0.0,106.65987,0.06%,0.0,0.0%,319.97961,50.0%,0.0,0.0%,0.0,0.0,106.65987,16.67%,0.0,0.0%,0.0,0.0,22.22%,8.7%,5.3187831585
2025-11-20,王者荣耀,2007.10202,80634.86172,0.17%,63462.62265,89.07%,67729.01745,95.06%,6506.25207,9.13%,28371.52542,4.36,11945.90544,16.77%,10239.34752,14.37%,39357.49203,3.84,55.53%,26.72%,23.807886519
2025-11-20,光与夜之恋,265.40192,70928.81355,0.37%,213.31974,100.0%,213.31974,100.0%,0.0,0.0%,0.0,0.0,0.0,0.0%,0.0,0.0%,0.0,,28.57%,18.18%,0.506550777
2025-11-20,疯狂动物园,281.98954,70288.85433,0.18%,44690.48553,51.04%,56529.7311,64.56%,1919.87766,2.19%,2879.81649,1.5,10452.66726,11.94%,3733.09545,4.26%,32637.92022,8.74,33.48%,11.42%,6.71179779525
2025-11-20,蛋仔派对,729.85528,66022.45953,0.31%,0.0,0.0%,426.63948,36.36%,0.0,0.0%,0.0,0.0,213.31974,18.18%,0.0,0.0%,0.0,0.0,28.21%,11.58%,7.72489934925
2025-11-20,原神,364.92764,44903.80527,0.32%,1386.57831,100.0%,1386.57831,100.0%,0.0,0.0%,0.0,0.0,0.0,0.0%,0.0,0.0%,0.0,,46.43%,22.81%,1.7729277195
2025-11-20,光遇,315.16478,31891.30113,0.35%,213.31974,50.0%,319.97961,75.0%,106.65987,25.0%,106.65987,1.0,0.0,0.0%,0.0,0.0%,0.0,,11.11%,5.26%,2.65939157925
2025-11-20,和平精英,398.10288,21758.61348,1.56%,5652.97311,79.1%,5759.63298,80.6%,213.31974,2.99%,319.97961,1.5,1279.91844,17.91%,746.61909,10.45%,2453.17701,3.29,42.41%,13.76%,3.039304662
2025-11-20,崩坏：星穹铁道,248.8143,19945.39569,0.18%,62609.34369,84.95%,67089.05823,91.03%,3413.11584,4.63%,11732.5857,3.44,12692.52453,17.22%,9919.36791,13.46%,36797.65515,3.71,53.4%,26.91%,9.117913986
2025-11-20,第五人格,116.11334,10132.68765,2.04%,0.0,0.0%,0.0,0.0%,0.0,0.0%,0.0,0.0,0.0,0.0%,0.0,0.0%,0.0,0.0,33.33%,8.33%,0.88646385975
2025-11-20,元梦之星,16.58762,7892.83038,0.04%,42237.30852,72.93%,46717.02306,80.66%,533.29935,0.92%,853.27896,1.6,10879.30674,18.78%,8639.44947,14.92%,30398.06295,3.52,24.37%,8.06%,6.3318847125
2025-11-20,绝区零,99.52572,7359.53103,0.11%,4479.71454,77.78%,4586.37441,79.63%,0.0,0.0%,0.0,0.0,1173.25857,20.37%,959.93883,16.67%,3413.11584,3.56,48.65%,20.69%,4.68559468725
2025-11-20,以闪亮之名,33.17524,6186.27246,0.09%,0.0,0.0%,0.0,0.0%,0.0,0.0%,0.0,0.0,0.0,0.0%,0.0,0.0%,0.0,0.0,22.22%,9.84%,1.2663769425
2025-11-20,白荆回廊,0.0,1706.55792,0.19%,43730.5467,49.52%,54396.5337,61.59%,1066.5987,1.21%,1599.89805,1.5,10559.32713,11.96%,3413.11584,3.86%,20478.69504,6.0,35.29%,10.95%,5.95197162975
2025-11-20,无畏契约,49.76286,1279.91844,0.17%,0.0,0.0%,213.31974,18.18%,0.0,0.0%,0.0,0.0,213.31974,18.18%,0.0,0.0%,0.0,0.0,37.93%,17.19%,2.532753885
2025-11-20,代号：鸢,0.0,746.61909,0.18%,65382.50031,89.1%,69115.59576,94.19%,3093.13623,4.22%,8746.10934,2.83,12265.88505,16.72%,10132.68765,13.81%,37010.97489,3.65,49.68%,27.45%,6.96507318375
2025-11-20,重返未来:1999,16.58762,746.61909,0.05%,8746.10934,51.9%,11519.26596,68.35%,106.65987,0.63%,426.63948,4.0,1813.21779,10.76%,1173.25857,6.96%,4266.3948,3.64,19.8%,6.49%,4.43231929875
2025-11-20,肥狐乐园,0.0,639.95922,0.04%,21225.31413,71.84%,23891.81088,80.87%,1386.57831,4.69%,6399.5922,4.62,3519.77571,11.91%,1493.23818,5.05%,8959.42908,6.0,28.35%,10.19%,11.77730556525
2025-11-20,桃源深处有人家,16.58762,426.63948,0.26%,17918.85816,61.09%,19732.07595,67.27%,746.61909,2.55%,1386.57831,1.86,4906.35402,16.73%,2559.83688,8.73%,8852.76921,3.46,35.53%,10.77%,3.92576852175
2025-11-20,未定事件簿,0.0,106.65987,3.42%,40850.73021,53.94%,69755.55498,92.11%,3839.75532,5.07%,11199.28635,2.92,27091.60698,35.77%,639.95922,0.85%,1706.55792,2.67,34.87%,20.23%,17.4760018065
2025-11-21,王者荣耀,1808.05058,83408.01834,15.38%,106.65987,50.0%,106.65987,50.0%,0.0,0.0%,0.0,0.0,213.31974,100.0%,0.0,0.0%,0.0,0.0,66.67%,50.0%,25.785
2025-11-21,蛋仔派对,895.73148,76475.12679,0.02%,0.0,0.0%,0.0,0.0%,0.0,0.0%,0.0,0.0,0.0,0.0%,0.0,0.0%,0.0,0.0,14.29%,3.08%,0.88646385975
2025-11-21,疯狂动物园,298.57716,72315.39186,0.13%,4799.69415,62.5%,5226.33363,68.06%,0.0,0.0%,0.0,0.0,746.61909,9.72%,533.29935,6.94%,2453.17701,4.6,35.12%,12.7%,3.41921774475
2025-11-21,光与夜之恋,265.40192,68688.95628,0.2%,0.0,0.0%,319.97961,42.86%,0.0,0.0%,0.0,0.0,106.65987,14.29%,0.0,0.0%,0.0,0.0,18.42%,7.61%,4.43231929875
2025-11-21,原神,613.74194,48103.60137,0.18%,14079.10284,69.84%,14719.06206,73.02%,853.27896,4.23%,1173.25857,1.38,2453.17701,12.17%,1173.25857,5.82%,3946.41519,3.36,31.34%,9.47%,3.545855439
2025-11-21,光遇,265.40192,31358.00178,0.37%,213.31974,100.0%,213.31974,100.0%,0.0,0.0%,0.0,0.0,0.0,0.0%,0.0,0.0%,0.0,,33.33%,15.38%,2.40611619075
2025-11-21,和平精英,199.05144,22291.91283,0.07%,106.65987,14.29%,319.97961,42.86%,106.65987,14.29%,106.65987,1.0,213.31974,28.57%,0.0,0.0%,0.0,,38.89%,10.77%,9.624464763
2025-11-21,崩坏：星穹铁道,331.7524,21118.65426,0.94%,0.0,0.0%,533.29935,41.67%,0.0,0.0%,0.0,0.0,319.97961,25.0%,0.0,0.0%,0.0,0.0,24.0%,7.19%,18.235827972
2025-11-21,第五人格,182.46382,11519.26596,0.03%,0.0,0.0%,0.0,0.0%,0.0,0.0%,0.0,0.0,0.0,0.0%,0.0,0.0%,0.0,0.0,14.29%,3.92%,0.506550777
2025-11-21,元梦之星,16.58762,6506.25207,0.11%,0.0,0.0%,106.65987,25.0%,0.0,0.0%,0.0,0.0,106.65987,25.0%,0.0,0.0%,0.0,0.0,14.81%,3.42%,4.8122323815
2025-11-21,绝区零,66.35048,6292.93233,0.1%,4373.05467,83.67%,4586.37441,87.76%,0.0,0.0%,0.0,0.0,853.27896,16.33%,853.27896,16.33%,3946.41519,4.63,44.95%,19.14%,5.69869624125
2025-11-21,以闪亮之名,0.0,6079.61259,0.16%,0.0,0.0%,106.65987,50.0%,0.0,0.0%,0.0,0.0,0.0,0.0%,0.0,0.0%,0.0,0.0,4.76%,1.17%,3.67249313325
2025-11-21,白荆回廊,0.0,1599.89805,3.81%,42130.64865,49.07%,80314.88211,93.54%,6186.27246,7.2%,10985.96661,1.78,31144.68204,36.27%,533.29935,0.62%,1386.57831,2.6,41.77%,23.07%,20.768581857
2025-11-21,肥狐乐园,0.0,1386.57831,0.21%,14505.74232,62.39%,15572.34102,66.97%,319.97961,1.38%,319.97961,1.0,3413.11584,14.68%,1706.55792,7.34%,5972.95272,3.5,31.41%,8.36%,3.67249313325
2025-11-21,无畏契约,33.17524,1066.5987,0.05%,8106.15012,47.8%,11839.24557,69.81%,319.97961,1.89%,1173.25857,3.67,2133.1974,12.58%,959.93883,5.66%,3946.41519,4.11,20.38%,6.52%,7.21834857225
2025-11-21,代号：鸢,0.0,639.95922,0.06%,31784.64126,70.28%,35304.41697,78.07%,426.63948,0.94%,853.27896,2.0,7786.17051,17.22%,4266.3948,9.43%,17278.89894,4.05,31.18%,9.16%,7.3449862665
2025-11-21,重返未来:1999,16.58762,426.63948,0.08%,12265.88505,43.07%,17065.5792,59.93%,213.31974,0.75%,2559.83688,12.0,2879.81649,10.11%,1706.55792,5.99%,7146.21129,4.19,35.04%,11.11%,5.3187831585
2025-11-21,桃源深处有人家,0.0,319.97961,1.74%,5972.95272,75.68%,6399.5922,81.08%,533.29935,6.76%,639.95922,1.2,1173.25857,14.86%,959.93883,12.16%,5013.01389,5.22,36.82%,14.18%,4.052406216
2025-11-21,未定事件簿,0.0,213.31974,0.1%,6292.93233,66.29%,6826.23168,71.91%,213.31974,2.25%,213.31974,1.0,213.31974,2.25%,0.0,0.0%,0.0,,26.25%,9.11%,2.15284080225
2025-11-22,蛋仔派对,2372.02966,114446.04051,0.04%,19838.73582,68.38%,22718.55231,78.31%,1493.23818,5.15%,4479.71454,3.0,5119.67376,17.65%,1493.23818,5.15%,9386.06856,6.29,29.79%,11.42%,21.65504571675
2025-11-22,王者荣耀,2620.84396,98873.69949,0.12%,5226.33363,85.96%,5332.9935,87.72%,0.0,0.0%,0.0,0.0,1279.91844,21.05%,1066.5987,17.54%,3413.11584,3.2,47.11%,22.53%,5.95197162975
2025-11-22,疯狂动物园,547.39146,79461.60315,0.16%,13652.46336,73.56%,14185.76271,76.44%,213.31974,1.15%,319.97961,1.5,2559.83688,13.79%,1279.91844,6.9%,5119.67376,4.0,28.9%,9.72%,4.17904391025
2025-11-22,光与夜之恋,464.45336,73701.97017,0.06%,59622.86733,63.67%,67835.67732,72.44%,746.61909,0.8%,2879.81649,3.86,20905.33452,22.32%,13759.12323,14.69%,52156.67643,3.79,37.84%,12.8%,7.97817473775
2025-11-22,原神,630.32956,54929.83305,1.64%,0.0,0.0%,106.65987,100.0%,0.0,0.0%,0.0,0.0,106.65987,100.0%,0.0,0.0%,0.0,0.0,50.0%,20.0%,2.2794784965
2025-11-22,光遇,514.21622,39357.49203,0.1%,7146.21129,72.04%,7572.85077,76.34%,106.65987,1.08%,106.65987,1.0,426.63948,4.3%,106.65987,1.08%,213.31974,2.0,27.51%,10.24%,4.68559468725
2025-11-22,和平精英,680.09242,33171.21957,1.55%,5226.33363,73.13%,6079.61259,85.07%,319.97961,4.48%,639.95922,2.0,1279.91844,17.91%,639.95922,8.96%,2346.51714,3.67,42.41%,15.16%,6.078609324
2025-11-22,崩坏：星穹铁道,348.34002,25171.72932,0.06%,58236.28902,59.41%,70075.53459,71.49%,959.93883,0.98%,1279.91844,1.33,20372.03517,20.78%,13865.7831,14.15%,51836.69682,3.74,37.34%,12.92%,7.97817473775
2025-11-22,第五人格,298.57716,15252.36141,0.18%,41170.70982,49.36%,52050.01656,62.4%,1386.57831,1.66%,2559.83688,1.85,9066.08895,10.87%,2879.81649,3.45%,13865.7831,4.81,31.72%,10.26%,5.572058547
2025-11-22,元梦之星,82.9381,9706.04817,0.17%,40317.43086,50.0%,49490.17968,61.38%,853.27896,1.06%,1493.23818,1.75,7892.83038,9.79%,2773.15662,3.44%,15039.04167,5.42,31.57%,9.96%,5.572058547
2025-11-22,绝区零,66.35048,7466.1909,0.11%,4373.05467,66.13%,4586.37441,69.35%,106.65987,1.61%,106.65987,1.0,426.63948,6.45%,426.63948,6.45%,1919.87766,4.5,32.12%,11.11%,2.40611619075
2025-11-22,以闪亮之名,66.35048,6612.91194,0.04%,0.0,0.0%,0.0,0.0%,0.0,0.0%,0.0,0.0,0.0,0.0%,0.0,0.0%,0.0,0.0,22.22%,6.67%,0.7598261655
2025-11-22,无畏契约,165.8762,2133.1974,1.71%,6079.61259,78.08%,6399.5922,82.19%,533.29935,6.85%,959.93883,1.8,1173.25857,15.07%,853.27896,10.96%,2986.47636,3.5,43.98%,13.25%,7.21834857225
2025-11-22,白荆回廊,16.58762,1493.23818,0.7%,106.65987,12.5%,319.97961,37.5%,106.65987,12.5%,106.65987,1.0,106.65987,12.5%,0.0,0.0%,0.0,,29.63%,9.64%,1.13973924825
2025-11-22,肥狐乐园,16.58762,1386.57831,0.06%,9279.40869,44.39%,13972.44297,66.84%,426.63948,2.04%,2346.51714,5.5,2986.47636,14.29%,1599.89805,7.65%,6292.93233,3.93,25.1%,8.01%,7.8515370435
2025-11-22,代号：鸢,0.0,1279.91844,0.09%,0.0,0.0%,106.65987,11.11%,0.0,0.0%,0.0,0.0,0.0,0.0%,0.0,0.0%,0.0,0.0,32.14%,14.06%,1.013101554
2025-11-22,重返未来:1999,0.0,853.27896,0.17%,63355.96278,89.73%,66662.41875,94.41%,2239.85727,3.17%,5439.65337,2.43,10985.96661,15.56%,9492.72843,13.44%,38610.87294,4.07,47.63%,26.46%,10.76420401125
2025-11-22,未定事件簿,0.0,426.63948,0.21%,68688.95628,78.92%,81594.80055,93.75%,4159.73493,4.78%,13225.82388,3.18,15892.32063,18.26%,11199.28635,12.87%,49703.49942,4.44,60.04%,32.76%,11.77730556525
2025-11-22,桃源深处有人家,16.58762,319.97961,0.08%,0.0,0.0%,0.0,0.0%,0.0,0.0%,0.0,0.0,106.65987,20.0%,0.0,0.0%,0.0,0.0,19.23%,7.94%,1.519652331
2025-11-23,蛋仔派对,1874.40106,98020.42053,2.96%,38397.5532,56.25%,62396.02395,91.41%,3199.7961,4.69%,6932.89155,2.17,27731.5662,40.63%,639.95922,0.94%,2559.83688,4.0,34.86%,18.8%,19.62884260875
2025-11-23,王者荣耀,2222.74108,89060.99145,0.11%,0.0,0.0%,106.65987,25.0%,0.0,0.0%,0.0,0.0,0.0,0.0%,0.0,0.0%,0.0,0.0,12.9%,4.65%,3.92576852175
2025-11-23,疯狂动物园,431.27812,74128.60965,0.24%,0.0,0.0%,0.0,0.0%,0.0,0.0%,0.0,0.0,0.0,0.0%,0.0,0.0%,0.0,0.0,50.0%,16.67%,0.37991308275
2025-11-23,光与夜之恋,381.51526,71142.13329,0.85%,0.0,0.0%,533.29935,45.45%,0.0,0.0%,0.0,0.0,213.31974,18.18%,0.0,0.0%,0.0,0.0,24.44%,6.71%,14.56333483875
2025-11-23,原神,796.20576,52689.97578,0.04%,45757.08423,72.34%,49916.81916,78.92%,426.63948,0.67%,1813.21779,4.25,10985.96661,17.37%,8746.10934,13.83%,31784.64126,3.63,23.33%,9.0%,6.45852240675
2025-11-23,光遇,398.10288,35411.07684,0.01%,106.65987,100.0%,106.65987,100.0%,0.0,0.0%,0.0,0.0,0.0,0.0%,0.0,0.0%,0.0,,25.0%,8.33%,4.052406216
2025-11-23,和平精英,646.91718,26984.94711,0.48%,0.0,0.0%,0.0,0.0%,0.0,0.0%,0.0,0.0,0.0,0.0%,0.0,0.0%,0.0,0.0,100.0%,25.0%,0.37991308275
2025-11-23,崩坏：星穹铁道,348.34002,23465.1714,0.21%,15679.00089,66.82%,17278.89894,73.64%,853.27896,3.64%,1386.57831,1.63,3839.75532,16.36%,1813.21779,7.73%,18665.47725,10.29,37.1%,9.72%,5.3187831585
2025-11-23,第五人格,232.22668,13545.80349,0.12%,4586.37441,75.44%,4693.03428,77.19%,0.0,0.0%,0.0,0.0,1066.5987,17.54%,746.61909,12.28%,3093.13623,4.14,49.57%,22.18%,20.64194416275
2025-11-23,元梦之星,16.58762,7679.51064,0.18%,14185.76271,68.56%,15465.68115,74.74%,213.31974,1.03%,319.97961,1.5,2666.49675,12.89%,1386.57831,6.7%,5546.31324,4.0,31.24%,7.46%,5.06550777
2025-11-23,绝区零,49.76286,7146.21129,1.47%,5332.9935,79.37%,5439.65337,80.95%,426.63948,6.35%,533.29935,1.25,1173.25857,17.46%,746.61909,11.11%,3093.13623,4.14,40.13%,11.43%,5.06550777
2025-11-23,以闪亮之名,16.58762,5332.9935,0.01%,106.65987,100.0%,106.65987,100.0%,0.0,0.0%,0.0,0.0,0.0,0.0%,0.0,0.0%,0.0,,50.0%,10.0%,0.0
2025-11-23,白荆回廊,0.0,1386.57831,0.16%,60262.82655,88.14%,64315.90161,94.07%,1279.91844,1.87%,3306.45597,2.58,11945.90544,17.47%,9919.36791,14.51%,37224.29463,3.75,46.28%,25.81%,9.8777401515
2025-11-23,无畏契约,99.52572,1279.91844,0.02%,106.65987,50.0%,106.65987,50.0%,0.0,0.0%,0.0,0.0,0.0,0.0%,0.0,0.0%,0.0,,100.0%,16.67%,0.2532753885
2025-11-23,重返未来:1999,16.58762,1066.5987,0.14%,39037.51242,58.0%,45757.08423,67.99%,1386.57831,2.06%,3199.7961,2.31,7786.17051,11.57%,2773.15662,4.12%,11092.62648,4.0,25.61%,8.48%,5.572058547
2025-11-23,肥狐乐园,0.0,1066.5987,0.16%,60369.48642,89.13%,63249.30291,93.39%,1173.25857,1.73%,2666.49675,2.27,10985.96661,16.22%,9599.3883,14.17%,35091.09723,3.66,45.91%,25.51%,5.572058547
2025-11-23,代号：鸢,0.0,959.93883,0.03%,0.0,0.0%,106.65987,50.0%,0.0,0.0%,0.0,0.0,106.65987,50.0%,0.0,0.0%,0.0,0.0,12.5%,4.08%,5.69869624125
2025-11-23,桃源深处有人家,66.35048,746.61909,0.14%,38184.23346,57.56%,43517.22696,65.59%,1279.91844,1.93%,2879.81649,2.25,7572.85077,11.41%,2666.49675,4.02%,11519.26596,4.32,24.79%,8.38%,4.8122323815
2025-11-23,未定事件簿,0.0,213.31974,0.17%,63035.98317,91.06%,65169.18057,94.14%,1813.21779,2.62%,3946.41519,2.18,10879.30674,15.72%,9599.3883,13.87%,35837.71632,3.73,49.66%,26.38%,18.61574105475
2025-11-24,光与夜之恋,215.63906,73275.33069,0.18%,44797.1454,53.37%,55249.81266,65.82%,1173.25857,1.4%,2773.15662,2.36,11625.92583,13.85%,4799.69415,5.72%,24531.7701,5.11,32.75%,10.91%,6.20524701825
2025-11-24,疯狂动物园,497.6286,70502.17407,0.07%,34131.1584,63.49%,38397.5532,71.43%,959.93883,1.79%,1493.23818,1.56,9172.74882,17.06%,4906.35402,9.13%,16318.96011,3.33,40.94%,13.82%,6.585160101
2025-11-24,王者荣耀,1260.65912,68368.97667,0.37%,213.31974,100.0%,213.31974,100.0%,0.0,0.0%,0.0,0.0,0.0,0.0%,0.0,0.0%,0.0,,28.57%,18.18%,2.2794784965
2025-11-24,蛋仔派对,729.85528,65595.82005,0.88%,319.97961,30.0%,426.63948,40.0%,319.97961,30.0%,319.97961,1.0,106.65987,10.0%,0.0,0.0%,0.0,,32.26%,13.7%,2.2794784965
2025-11-24,原神,331.7524,44797.1454,0.22%,0.0,0.0%,213.31974,25.0%,0.0,0.0%,0.0,0.0,106.65987,12.5%,0.0,0.0%,0.0,0.0,26.67%,8.33%,5.3187831585
2025-11-24,光遇,215.63906,30611.38269,0.04%,20265.3753,66.2%,24958.40958,81.53%,1599.89805,5.23%,7572.85077,4.73,5226.33363,17.07%,1599.89805,5.23%,8319.46986,5.2,31.13%,11.16%,17.222726418
2025-11-24,崩坏：星穹铁道,331.7524,20478.69504,0.07%,33917.83866,61.75%,37650.93411,68.54%,1493.23818,2.72%,2666.49675,1.79,7466.1909,13.59%,4373.05467,7.96%,15359.02128,3.51,41.97%,11.98%,5.95197162975
2025-11-24,和平精英,215.63906,16852.25946,0.55%,213.31974,66.67%,213.31974,66.67%,0.0,0.0%,0.0,0.0,0.0,0.0%,0.0,0.0%,0.0,,50.0%,21.43%,0.88646385975
2025-11-24,第五人格,116.11334,9919.36791,23.08%,0.0,0.0%,106.65987,33.33%,0.0,0.0%,0.0,0.0,0.0,0.0%,0.0,0.0%,0.0,0.0,100.0%,75.0%,36.12
2025-11-24,元梦之星,66.35048,7786.17051,0.04%,19838.73582,67.15%,23465.1714,79.42%,746.61909,2.53%,2239.85727,3.0,5119.67376,17.33%,2133.1974,7.22%,10559.32713,4.95,31.33%,10.39%,55.72058547
2025-11-24,绝区零,49.76286,6292.93233,0.09%,3733.09545,68.63%,3946.41519,72.55%,0.0,0.0%,0.0,0.0,533.29935,9.8%,533.29935,9.8%,2239.85727,4.2,26.15%,9.06%,2.40611619075
2025-11-24,以闪亮之名,0.0,5546.31324,0.21%,15892.32063,67.73%,17385.55881,74.09%,533.29935,2.27%,533.29935,1.0,4159.73493,17.73%,1706.55792,7.27%,5652.97311,3.31,34.27%,8.36%,43.056816045
2025-11-24,白荆回廊,0.0,1599.89805,0.13%,5226.33363,79.03%,5332.9935,80.65%,0.0,0.0%,0.0,0.0,1599.89805,24.19%,1493.23818,22.58%,5546.31324,3.71,51.67%,23.57%,4.68559468725
2025-11-24,桃源深处有人家,16.58762,746.61909,0.04%,47143.66254,76.6%,51730.03695,84.06%,533.29935,0.87%,639.95922,1.2,14292.42258,23.22%,11839.24557,19.24%,44903.80527,3.79,23.93%,8.1%,6.8384354895
2025-11-24,重返未来:1999,0.0,746.61909,0.06%,33597.85905,72.75%,36051.03606,78.06%,746.61909,1.62%,1066.5987,1.43,7466.1909,16.17%,4373.05467,9.47%,15892.32063,3.63,32.0%,9.41%,5.19214546425
2025-11-24,无畏契约,16.58762,746.61909,0.04%,21758.61348,70.1%,25065.06945,80.76%,1066.5987,3.44%,2026.53753,1.9,4693.03428,15.12%,2133.1974,6.87%,14185.76271,6.65,30.28%,10.82%,15.32316100425
2025-11-24,代号：鸢,16.58762,639.95922,0.04%,49383.51981,75.53%,53649.91461,82.06%,426.63948,0.65%,959.93883,2.25,14932.3818,22.84%,12479.20479,19.09%,49916.81916,4.0,25.45%,8.32%,6.20524701825
2025-11-24,未定事件簿,0.0,533.29935,16.67%,0.0,0.0%,106.65987,100.0%,0.0,0.0%,0.0,0.0,0.0,0.0%,0.0,0.0%,0.0,0.0,100.0%,100.0%,8.611363209
2025-11-24,肥狐乐园,0.0,533.29935,100.0%,0.0,0.0%,0.0,0.0%,0.0,0.0%,0.0,0.0,0.0,0.0%,0.0,0.0%,0.0,0.0,100.0%,100.0%,24.314437296
2025-11-25,王者荣耀,1592.41152,69755.55498,0.22%,15359.02128,62.07%,17278.89894,69.83%,319.97961,1.29%,1279.91844,4.0,3733.09545,15.09%,1599.89805,6.47%,5439.65337,3.4,38.99%,12.2%,3.92576852175
2025-11-25,光与夜之恋,165.8762,69435.57537,3.57%,42023.98878,51.37%,74661.909,91.26%,2346.51714,2.87%,4799.69415,2.05,30824.70243,37.68%,639.95922,0.78%,3093.13623,4.83,42.14%,21.91%,16.08298716975
2025-11-25,疯狂动物园,248.8143,67089.05823,0.06%,0.0,0.0%,0.0,0.0%,0.0,0.0%,0.0,0.0,0.0,0.0%,0.0,0.0%,0.0,0.0,25.0%,8.82%,1.013101554
2025-11-25,蛋仔派对,879.14386,62609.34369,0.11%,4266.3948,66.67%,5013.01389,78.33%,0.0,0.0%,0.0,0.0,426.63948,6.67%,426.63948,6.67%,1813.21779,4.25,27.65%,10.99%,2.7860292735
2025-11-25,原神,364.92764,43410.56709,0.74%,213.31974,50.0%,319.97961,75.0%,0.0,0.0%,0.0,0.0,0.0,0.0%,0.0,0.0%,0.0,,66.67%,28.57%,2.532753885
2025-11-25,光遇,265.40192,29544.78399,0.1%,7146.21129,72.04%,7999.49025,80.65%,106.65987,1.08%,106.65987,1.0,746.61909,7.53%,106.65987,1.08%,853.27896,8.0,27.19%,9.9%,6.45852240675
2025-11-25,崩坏：星穹铁道,199.05144,20585.35491,0.07%,63355.96278,55.36%,74555.24913,65.14%,1599.89805,1.4%,3306.45597,2.07,23891.81088,20.88%,14932.3818,13.05%,56316.41136,3.77,44.49%,15.34%,11.9039432595
2025-11-25,和平精英,315.16478,15465.68115,0.04%,18878.79699,60.2%,23891.81088,76.19%,959.93883,3.06%,2666.49675,2.78,5332.9935,17.01%,1919.87766,6.12%,10665.987,5.56,32.24%,10.95%,9.624464763
2025-11-25,第五人格,116.11334,9919.36791,5.88%,0.0,0.0%,0.0,0.0%,0.0,0.0%,0.0,0.0,0.0,0.0%,0.0,0.0%,0.0,0.0,100.0%,50.0%,0.37991308275
2025-11-25,绝区零,116.11334,7146.21129,0.1%,106.65987,16.67%,106.65987,16.67%,106.65987,16.67%,106.65987,1.0,0.0,0.0%,0.0,0.0%,0.0,,37.5%,11.32%,5.8253339355
2025-11-25,元梦之星,16.58762,6292.93233,0.1%,6399.5922,65.22%,7252.87116,73.91%,106.65987,1.09%,106.65987,1.0,213.31974,2.17%,0.0,0.0%,0.0,,30.56%,9.52%,3.039304662
2025-11-25,以闪亮之名,0.0,5546.31324,0.07%,11519.26596,42.52%,17812.19829,65.75%,639.95922,2.36%,2666.49675,4.17,3413.11584,12.6%,1706.55792,6.3%,6506.25207,3.81,33.91%,10.06%,7.8515370435
2025-11-25,白荆回廊,0.0,1493.23818,0.64%,0.0,0.0%,213.31974,25.0%,0.0,0.0%,0.0,0.0,0.0,0.0%,0.0,0.0%,0.0,0.0,16.33%,4.49%,15.36
2025-11-25,无畏契约,33.17524,853.27896,0.15%,41810.66904,59.57%,48530.24085,69.15%,1173.25857,1.67%,1599.89805,1.36,8959.42908,12.77%,3413.11584,4.86%,26664.9675,7.81,26.44%,8.83%,5.95197162975
2025-11-25,未定事件簿,16.58762,746.61909,15.38%,106.65987,50.0%,106.65987,50.0%,106.65987,50.0%,106.65987,1.0,106.65987,50.0%,0.0,0.0%,0.0,,100.0%,50.0%,18.25
2025-11-25,代号：鸢,0.0,639.95922,7.69%,0.0,0.0%,0.0,0.0%,0.0,0.0%,0.0,0.0,0.0,0.0%,0.0,0.0%,0.0,0.0,33.33%,25.0%,33.35
2025-11-25,重返未来:1999,16.58762,639.95922,16.67%,0.0,0.0%,0.0,0.0%,0.0,0.0%,0.0,0.0,0.0,0.0%,0.0,0.0%,0.0,0.0,50.0%,50.0%,1.013101554
2025-11-25,肥狐乐园,0.0,426.63948,0.21%,49276.85994,49.73%,62396.02395,62.97%,2346.51714,2.37%,6719.57181,2.86,13865.7831,13.99%,5439.65337,5.49%,23785.15101,4.37,35.98%,12.65%,5.8253339355
2025-11-25,桃源深处有人家,0.0,213.31974,0.24%,0.0,0.0%,0.0,0.0%,0.0,0.0%,0.0,0.0,0.0,0.0%,0.0,0.0%,0.0,0.0,20.0%,10.0%,0.0
2025-11-26,疯狂动物园,580.5667,71675.43264,0.11%,0.0,0.0%,0.0,0.0%,0.0,0.0%,0.0,0.0,0.0,0.0%,0.0,0.0%,0.0,0.0,41.18%,12.5%,21.781683411
2025-11-26,王者荣耀,1277.24674,71462.1129,1.39%,5226.33363,81.67%,5439.65337,85.0%,213.31974,3.33%,319.97961,1.5,1386.57831,21.67%,959.93883,15.0%,2986.47636,3.11,38.22%,14.6%,3.7991308275
2025-11-26,光与夜之恋,248.8143,68155.65693,0.16%,59622.86733,87.48%,63462.62265,93.11%,1919.87766,2.82%,4586.37441,2.39,11305.94622,16.59%,9812.70804,14.4%,39250.83216,4.0,52.21%,25.34%,6.45852240675
2025-11-26,蛋仔派对,796.20576,63249.30291,0.05%,7999.49025,46.3%,11839.24557,68.52%,106.65987,0.62%,319.97961,3.0,853.27896,4.94%,639.95922,3.7%,2986.47636,4.67,19.85%,6.84%,6.20524701825
2025-11-26,原神,414.6905,45330.44475,0.11%,0.0,0.0%,106.65987,14.29%,0.0,0.0%,0.0,0.0,0.0,0.0%,0.0,0.0%,0.0,0.0,30.43%,11.86%,0.37991308275
2025-11-26,光遇,265.40192,28691.50503,0.08%,0.0,0.0%,0.0,0.0%,0.0,0.0%,0.0,0.0,0.0,0.0%,0.0,0.0%,0.0,0.0,38.46%,10.2%,0.7598261655
2025-11-26,崩坏：星穹铁道,232.22668,20158.71543,0.21%,46077.06384,46.6%,59622.86733,60.3%,1706.55792,1.73%,3306.45597,1.94,9812.70804,9.92%,4159.73493,4.21%,18772.13712,4.51,36.64%,12.21%,7.21834857225
2025-11-26,和平精英,265.40192,16638.93972,0.05%,47356.98228,61.92%,53969.89422,70.57%,213.31974,0.28%,213.31974,1.0,13545.80349,17.71%,10665.987,13.95%,41384.02956,3.88,31.41%,10.61%,15.4497986985
2025-11-26,第五人格,82.9381,9599.3883,0.06%,8852.76921,40.69%,12479.20479,57.35%,106.65987,0.49%,853.27896,8.0,1919.87766,8.82%,1493.23818,6.86%,5546.31324,3.71,26.36%,8.36%,6.20524701825
2025-11-26,元梦之星,0.0,6292.93233,0.18%,14292.42258,72.04%,15785.66076,79.57%,106.65987,0.54%,106.65987,1.0,1919.87766,9.68%,1386.57831,6.99%,5226.33363,3.77,29.71%,7.14%,3.41921774475
2025-11-26,以闪亮之名,66.35048,5866.29285,7.69%,106.65987,100.0%,106.65987,100.0%,106.65987,100.0%,106.65987,1.0,0.0,0.0%,0.0,0.0%,0.0,,50.0%,25.0%,36.58
2025-11-26,绝区零,33.17524,5866.29285,0.06%,62502.68382,65.4%,70288.85433,73.55%,1599.89805,1.67%,3093.13623,1.93,23038.53192,24.11%,17385.55881,18.19%,67942.33719,3.91,39.44%,12.27%,8.48472551475
2025-11-26,白荆回廊,0.0,1386.57831,0.04%,22931.87205,70.96%,25918.34841,80.2%,1279.91844,3.96%,2986.47636,2.33,6612.91194,20.46%,2666.49675,8.25%,12692.52453,4.76,34.28%,11.23%,20.13539338575
2025-11-26,无畏契约,99.52572,1386.57831,0.15%,40744.07034,56.59%,47250.32241,65.63%,1173.25857,1.63%,2666.49675,2.27,7572.85077,10.52%,2666.49675,3.7%,12265.88505,4.6,27.95%,9.03%,5.19214546425
2025-11-26,重返未来:1999,16.58762,853.27896,0.04%,20478.69504,70.33%,24211.79049,83.15%,853.27896,2.93%,2666.49675,3.13,4906.35402,16.85%,1919.87766,6.59%,10665.987,5.56,29.07%,10.17%,15.82971178125
2025-11-26,代号：鸢,0.0,746.61909,0.18%,106.65987,100.0%,106.65987,100.0%,0.0,0.0%,0.0,0.0,0.0,0.0%,0.0,0.0%,0.0,,25.0%,6.67%,1.2663769425
2025-11-26,肥狐乐园,0.0,746.61909,2.04%,0.0,0.0%,0.0,0.0%,0.0,0.0%,0.0,0.0,0.0,0.0%,0.0,0.0%,0.0,0.0,16.67%,7.69%,36.45
2025-11-26,桃源深处有人家,0.0,426.63948,0.08%,37330.9545,60.55%,42770.60787,69.38%,853.27896,1.38%,1599.89805,1.88,10026.02778,16.26%,5972.95272,9.69%,24638.42997,4.13,39.73%,12.65%,4.93887007575
2025-11-26,未定事件簿,0.0,319.97961,0.01%,106.65987,100.0%,106.65987,100.0%,0.0,0.0%,0.0,0.0,0.0,0.0%,0.0,0.0%,0.0,,25.0%,7.69%,0.37991308275
2025-11-27,王者荣耀,1343.59722,71142.13329,0.22%,0.0,0.0%,106.65987,12.5%,0.0,0.0%,0.0,0.0,0.0,0.0%,0.0,0.0%,0.0,0.0,22.22%,8.51%,2.2794784965
2025-11-27,疯狂动物园,381.51526,67302.37797,3.52%,40850.73021,50.66%,72848.69121,90.34%,2133.1974,2.65%,3626.43558,1.7,31677.98139,39.29%,426.63948,0.53%,639.95922,1.5,42.02%,21.69%,14.4366971445
2025-11-27,光与夜之恋,215.63906,64102.58187,0.04%,20052.05556,67.14%,23465.1714,78.57%,1386.57831,4.64%,3093.13623,2.23,5119.67376,17.14%,1813.21779,6.07%,9066.08895,5.0,31.22%,11.35%,16.209624864
2025-11-27,蛋仔派对,630.32956,63675.94239,0.15%,39997.45125,56.22%,48210.26124,67.77%,1066.5987,1.5%,2239.85727,2.1,9066.08895,12.74%,3839.75532,5.4%,28158.20568,7.33,26.04%,9.33%,5.572058547
2025-11-27,原神,348.34002,44690.48553,1.02%,0.0,0.0%,533.29935,38.46%,0.0,0.0%,0.0,0.0,106.65987,7.69%,0.0,0.0%,0.0,0.0,22.81%,7.88%,6.45852240675
2025-11-27,光遇,281.98954,29864.7636,0.18%,13332.48375,65.1%,15145.70154,73.96%,533.29935,2.6%,853.27896,1.6,2559.83688,12.5%,1493.23818,7.29%,5119.67376,3.43,31.58%,8.98%,3.545855439
2025-11-27,崩坏：星穹铁道,215.63906,19198.7766,0.16%,9172.74882,60.14%,10132.68765,66.43%,426.63948,2.8%,533.29935,1.25,853.27896,5.59%,0.0,0.0%,0.0,,42.81%,14.79%,4.558956993
2025-11-27,和平精英,199.05144,17278.89894,0.06%,0.0,0.0%,106.65987,25.0%,0.0,0.0%,0.0,0.0,0.0,0.0%,0.0,0.0%,0.0,0.0,33.33%,8.0%,1.39301463675
2025-11-27,第五人格,132.70096,10559.32713,0.18%,106.65987,100.0%,106.65987,100.0%,0.0,0.0%,0.0,0.0,0.0,0.0%,0.0,0.0%,0.0,,20.0%,7.14%,3.16594235625
2025-11-27,元梦之星,33.17524,6399.5922,7.69%,0.0,0.0%,0.0,0.0%,0.0,0.0%,0.0,0.0,106.65987,100.0%,0.0,0.0%,0.0,0.0,50.0%,25.0%,16.4629002525
2025-11-27,绝区零,16.58762,6186.27246,0.01%,0.0,0.0%,0.0,0.0%,0.0,0.0%,0.0,0.0,0.0,0.0%,0.0,0.0%,0.0,0.0,5.56%,1.67%,0.63318847125
2025-11-27,以闪亮之名,49.76286,6079.61259,0.06%,0.0,0.0%,0.0,0.0%,0.0,0.0%,0.0,0.0,0.0,0.0%,0.0,0.0%,0.0,0.0,7.69%,1.68%,0.63318847125
2025-11-27,白荆回廊,0.0,1919.87766,0.88%,0.0,0.0%,213.31974,18.18%,0.0,0.0%,0.0,0.0,106.65987,9.09%,0.0,0.0%,0.0,0.0,23.91%,6.21%,1.64629002525
2025-11-27,无畏契约,66.35048,1386.57831,0.06%,32637.92022,66.96%,36371.01567,74.62%,213.31974,0.44%,213.31974,1.0,9492.72843,19.47%,5226.33363,10.72%,20692.01478,3.96,35.13%,9.96%,16.08298716975
2025-11-27,重返未来:1999,16.58762,853.27896,0.06%,34131.1584,75.29%,36904.31502,81.41%,533.29935,1.18%,959.93883,1.8,7679.51064,16.94%,4479.71454,9.88%,15359.02128,3.43,31.93%,9.27%,6.71179779525
2025-11-27,代号：鸢,0.0,639.95922,7.69%,0.0,0.0%,0.0,0.0%,0.0,0.0%,0.0,0.0,0.0,0.0%,0.0,0.0%,0.0,0.0,50.0%,33.33%,25.96072732125
2025-11-27,肥狐乐园,0.0,533.29935,16.67%,0.0,0.0%,0.0,0.0%,0.0,0.0%,0.0,0.0,0.0,0.0%,0.0,0.0%,0.0,0.0,100.0%,100.0%,0.0
2025-11-27,未定事件簿,0.0,426.63948,0.07%,71355.45303,61.04%,88207.71249,75.46%,2026.53753,1.73%,4266.3948,2.11,27304.92672,23.36%,18558.81738,15.88%,73701.97017,3.97,45.9%,15.05%,9.75110245725
2025-11-27,桃源深处有人家,0.0,319.97961,0.11%,4799.69415,81.82%,4693.03428,80.0%,106.65987,1.82%,106.65987,1.0,1279.91844,21.82%,1173.25857,20.0%,4586.37441,3.91,43.31%,20.15%,3.41921774475
2025-11-28,疯狂动物园,646.91718,80634.86172,0.13%,38504.21307,61.6%,43837.20657,70.14%,639.95922,1.02%,1493.23818,2.33,6612.91194,10.58%,2666.49675,4.27%,16958.91933,6.36,24.87%,8.38%,5.44542085275
2025-11-28,王者荣耀,1426.53532,74981.88861,0.08%,0.0,0.0%,106.65987,33.33%,0.0,0.0%,0.0,0.0,0.0,0.0%,0.0,0.0%,0.0,0.0,9.09%,3.33%,1.2663769425
2025-11-28,蛋仔派对,630.32956,68155.65693,0.04%,20158.71543,66.55%,25171.72932,83.1%,1279.91844,4.23%,3733.09545,2.92,5226.33363,17.25%,1599.89805,5.28%,10879.30674,6.8,31.95%,11.5%,6.96507318375
2025-11-28,光与夜之恋,199.05144,68155.65693,0.16%,40424.09073,53.91%,49276.85994,65.72%,959.93883,1.28%,1599.89805,1.67,7359.53103,9.82%,2879.81649,3.84%,16425.61998,5.7,28.12%,9.83%,5.06550777
2025-11-28,原神,381.51526,47037.00267,0.11%,4159.73493,66.1%,4373.05467,69.49%,0.0,0.0%,0.0,0.0,426.63948,6.78%,319.97961,5.08%,1706.55792,5.33,26.22%,10.85%,2.65939157925
2025-11-28,光遇,447.86574,30291.40308,0.18%,65062.5207,88.79%,69115.59576,94.32%,6612.91194,9.02%,28798.1649,4.35,11305.94622,15.43%,9706.04817,13.25%,39250.83216,4.04,53.63%,26.88%,8.48472551475
2025-11-28,崩坏：星穹铁道,281.98954,21971.93322,0.03%,0.0,0.0%,106.65987,50.0%,0.0,0.0%,0.0,0.0,106.65987,50.0%,0.0,0.0%,0.0,0.0,18.18%,4.08%,4.558956993
2025-11-28,和平精英,398.10288,19625.41608,0.22%,15145.70154,60.17%,16532.27985,65.68%,213.31974,0.85%,213.31974,1.0,3199.7961,12.71%,1386.57831,5.51%,5119.67376,3.69,39.93%,9.94%,3.545855439
2025-11-28,第五人格,132.70096,11305.94622,0.37%,1173.25857,73.33%,1173.25857,73.33%,0.0,0.0%,0.0,0.0,0.0,0.0%,0.0,0.0%,0.0,,50.0%,25.0%,1.39301463675
2025-11-28,绝区零,66.35048,7039.55142,0.8%,0.0,0.0%,213.31974,20.0%,0.0,0.0%,0.0,0.0,106.65987,10.0%,0.0,0.0%,0.0,0.0,25.0%,5.99%,6.078609324
2025-11-28,以闪亮之名,49.76286,6826.23168,0.05%,31358.00178,72.77%,33384.53931,77.48%,106.65987,0.25%,213.31974,2.0,6399.5922,14.85%,4053.07506,9.41%,15785.66076,3.89,33.01%,8.93%,5.06550777
2025-11-28,元梦之星,33.17524,6506.25207,0.37%,1386.57831,86.67%,1386.57831,86.67%,0.0,0.0%,0.0,0.0,0.0,0.0%,0.0,0.0%,0.0,,46.88%,25.86%,2.15284080225
2025-11-28,白荆回廊,0.0,1493.23818,0.2%,106.65987,14.29%,319.97961,42.86%,106.65987,14.29%,426.63948,4.0,0.0,0.0%,0.0,0.0%,0.0,,29.17%,5.98%,5.95197162975
2025-11-28,重返未来:1999,16.58762,1173.25857,0.81%,0.0,0.0%,213.31974,20.0%,0.0,0.0%,0.0,0.0,0.0,0.0%,0.0,0.0%,0.0,0.0,19.61%,5.52%,1.64629002525
2025-11-28,肥狐乐园,0.0,1066.5987,0.04%,19945.39569,71.92%,22611.89244,81.54%,746.61909,2.69%,1066.5987,1.43,4586.37441,16.54%,2453.17701,8.85%,17492.21868,7.13,29.15%,9.68%,10.3842909285
2025-11-28,无畏契约,16.58762,746.61909,0.7%,426.63948,50.0%,639.95922,75.0%,426.63948,50.0%,533.29935,1.25,319.97961,37.5%,106.65987,12.5%,106.65987,1.0,25.0%,9.88%,10.8908417055
2025-11-28,桃源深处有人家,0.0,639.95922,6.12%,0.0,0.0%,213.31974,66.67%,0.0,0.0%,0.0,0.0,0.0,0.0%,0.0,0.0%,0.0,0.0,60.0%,21.43%,21.781683411
2025-11-28,代号：鸢,0.0,533.29935,0.74%,213.31974,50.0%,319.97961,75.0%,0.0,0.0%,0.0,0.0,0.0,0.0%,0.0,0.0%,0.0,,66.67%,23.53%,2.40611619075
2025-11-28,未定事件簿,33.17524,533.29935,8.16%,0.0,0.0%,319.97961,75.0%,0.0,0.0%,0.0,0.0,0.0,0.0%,0.0,0.0%,0.0,0.0,66.67%,28.57%,3.41921774475
2025-11-29,蛋仔派对,2272.50394,101006.89689,0.09%,6186.27246,74.36%,6719.57181,80.77%,0.0,0.0%,0.0,0.0,106.65987,1.28%,106.65987,1.28%,213.31974,2.0,26.26%,9.1%,11.9039432595
2025-11-29,王者荣耀,1857.81344,87567.75327,0.61%,213.31974,28.57%,213.31974,28.57%,213.31974,28.57%,319.97961,1.5,319.97961,42.86%,106.65987,14.29%,213.31974,2.0,20.0%,9.33%,10.8908417055
2025-11-29,疯狂动物园,580.5667,81808.12029,0.03%,18985.45686,70.63%,21225.31413,78.97%,853.27896,3.17%,2559.83688,3.0,3839.75532,14.29%,2026.53753,7.54%,14399.08245,7.11,27.39%,10.32%,12.79040711925
2025-11-29,光与夜之恋,281.98954,69328.9155,0.02%,106.65987,50.0%,106.65987,50.0%,0.0,0.0%,0.0,0.0,0.0,0.0%,0.0,0.0%,0.0,,33.33%,14.29%,0.2532753885
2025-11-29,原神,580.5667,53756.57448,15.38%,0.0,0.0%,0.0,0.0%,0.0,0.0%,0.0,0.0,0.0,0.0%,0.0,0.0%,0.0,0.0,50.0%,50.0%,13.80350867325
2025-11-29,光遇,597.15432,39250.83216,0.11%,4479.71454,71.19%,4479.71454,71.19%,0.0,0.0%,0.0,0.0,319.97961,5.08%,319.97961,5.08%,1493.23818,4.67,26.22%,10.93%,2.532753885
2025-11-29,和平精英,514.21622,26025.00828,3.45%,0.0,0.0%,0.0,0.0%,0.0,0.0%,0.0,0.0,0.0,0.0%,0.0,0.0%,0.0,0.0,100.0%,50.0%,4.68559468725
2025-11-29,崩坏：星穹铁道,381.51526,24745.08984,0.19%,43517.22696,48.86%,54609.85344,61.32%,1599.89805,1.8%,4799.69415,3.0,10559.32713,11.86%,3519.77571,3.95%,19732.07595,5.61,32.13%,11.03%,6.3318847125
2025-11-29,第五人格,149.28858,11412.60609,1.37%,4693.03428,74.58%,5013.01389,79.66%,319.97961,5.08%,426.63948,1.33,959.93883,15.25%,533.29935,8.47%,3946.41519,7.4,37.34%,10.81%,7.091710878
2025-11-29,元梦之星,82.9381,8852.76921,0.11%,0.0,0.0%,0.0,0.0%,0.0,0.0%,0.0,0.0,0.0,0.0%,0.0,0.0%,0.0,0.0,35.0%,12.28%,4.93887007575
2025-11-29,绝区零,182.46382,8852.76921,0.02%,0.0,0.0%,0.0,0.0%,0.0,0.0%,0.0,0.0,0.0,0.0%,0.0,0.0%,0.0,0.0,6.25%,1.96%,0.2532753885
2025-11-29,以闪亮之名,49.76286,6612.91194,0.04%,213.31974,50.0%,213.31974,50.0%,0.0,0.0%,0.0,0.0,0.0,0.0%,0.0,0.0%,0.0,,80.0%,33.33%,2.91266696775
2025-11-29,无畏契约,33.17524,1279.91844,3.82%,40530.7506,47.32%,80741.52159,94.27%,4266.3948,4.98%,9172.74882,2.15,29224.80438,34.12%,639.95922,0.75%,959.93883,1.5,43.34%,23.49%,21.40177032825
2025-11-29,白荆回廊,0.0,1173.25857,0.42%,1493.23818,82.35%,1599.89805,88.24%,0.0,0.0%,0.0,0.0,0.0,0.0%,0.0,0.0%,0.0,,56.67%,29.31%,1.2663769425
2025-11-29,肥狐乐园,0.0,1173.25857,0.25%,106.65987,11.11%,426.63948,44.44%,106.65987,11.11%,106.65987,1.0,106.65987,11.11%,0.0,0.0%,0.0,,31.03%,7.89%,4.17904391025
2025-11-29,重返未来:1999,0.0,746.61909,0.65%,213.31974,25.0%,746.61909,87.5%,213.31974,25.0%,533.29935,2.5,213.31974,25.0%,106.65987,12.5%,106.65987,1.0,13.33%,4.49%,12.157218648
2025-11-29,代号：鸢,0.0,639.95922,0.37%,213.31974,100.0%,213.31974,100.0%,0.0,0.0%,0.0,0.0,0.0,0.0%,0.0,0.0%,0.0,,40.0%,13.33%,0.7598261655
2025-11-29,未定事件簿,0.0,639.95922,1.64%,0.0,0.0%,106.65987,100.0%,0.0,0.0%,0.0,0.0,0.0,0.0%,0.0,0.0%,0.0,0.0,100.0%,25.0%,7.97817473775
2025-11-29,桃源深处有人家,0.0,426.63948,0.37%,213.31974,100.0%,213.31974,100.0%,0.0,0.0%,0.0,0.0,0.0,0.0%,0.0,0.0%,0.0,,50.0%,12.5%,0.506550777
2025-11-30,蛋仔派对,1476.29818,93647.36586,0.03%,0.0,0.0%,106.65987,50.0%,0.0,0.0%,0.0,0.0,0.0,0.0%,0.0,0.0%,0.0,0.0,14.29%,4.0%,0.12663769425
2025-11-30,王者荣耀,2139.80298,83941.31769,4.35%,0.0,0.0%,0.0,0.0%,0.0,0.0%,0.0,0.0,0.0,0.0%,0.0,0.0%,0.0,0.0,100.0%,100.0%,0.2532753885
2025-11-30,疯狂动物园,447.86574,74875.22874,0.26%,213.31974,66.67%,213.31974,66.67%,213.31974,66.67%,213.31974,1.0,0.0,0.0%,0.0,0.0%,0.0,,9.68%,4.17%,4.68559468725
2025-11-30,光与夜之恋,199.05144,74768.56887,0.37%,213.31974,100.0%,213.31974,100.0%,0.0,0.0%,0.0,0.0,0.0,0.0%,0.0,0.0%,0.0,,28.57%,18.18%,2.026203108
2025-11-30,原神,646.91718,51090.07773,0.15%,41064.04995,57.46%,48530.24085,67.91%,1279.91844,1.79%,3093.13623,2.42,9812.70804,13.73%,3306.45597,4.63%,20478.69504,6.19,25.43%,9.33%,13.04368250775
2025-11-30,光遇,680.09242,39570.81177,0.04%,8106.15012,52.41%,10559.32713,68.28%,213.31974,1.38%,426.63948,2.0,1279.91844,8.28%,533.29935,3.45%,1706.55792,3.2,17.16%,6.13%,4.17904391025
2025-11-30,崩坏：星穹铁道,563.97908,25491.70893,15.38%,0.0,0.0%,0.0,0.0%,0.0,0.0%,0.0,0.0,0.0,0.0%,0.0,0.0%,0.0,0.0,66.67%,50.0%,3.67249313325
2025-11-30,和平精英,547.39146,25065.06945,0.06%,34344.47814,65.18%,39890.79138,75.71%,1066.5987,2.02%,2986.47636,2.8,8639.44947,16.4%,4693.03428,8.91%,19625.41608,4.18,39.81%,11.86%,7.3449862665
2025-11-30,第五人格,165.8762,12585.86466,0.02%,106.65987,50.0%,106.65987,50.0%,0.0,0.0%,0.0,0.0,0.0,0.0%,0.0,0.0%,0.0,,33.33%,15.38%,0.7598261655
2025-11-30,元梦之星,66.35048,7679.51064,0.05%,9279.40869,54.38%,11625.92583,68.13%,213.31974,1.25%,319.97961,1.5,1706.55792,10.0%,1066.5987,6.25%,3199.7961,3.0,21.53%,6.59%,4.93887007575
2025-11-30,绝区零,66.35048,6399.5922,2.04%,0.0,0.0%,0.0,0.0%,0.0,0.0%,0.0,0.0,0.0,0.0%,0.0,0.0%,0.0,0.0,33.33%,8.33%,0.0
2025-11-30,以闪亮之名,82.9381,6186.27246,0.01%,106.65987,100.0%,106.65987,100.0%,0.0,0.0%,0.0,0.0,0.0,0.0%,0.0,0.0%,0.0,,50.0%,10.0%,0.0
2025-11-30,白荆回廊,0.0,1386.57831,0.04%,52156.67643,71.49%,56209.75149,77.05%,533.29935,0.73%,1493.23818,2.8,16852.25946,23.1%,13332.48375,18.27%,52796.63565,3.96,28.61%,9.64%,6.96507318375
2025-11-30,肥狐乐园,16.58762,1279.91844,0.12%,5013.01389,81.03%,5119.67376,82.76%,0.0,0.0%,0.0,0.0,1386.57831,22.41%,1279.91844,20.69%,4906.35402,3.83,49.15%,22.48%,5.8253339355
2025-11-30,无畏契约,49.76286,1173.25857,1.55%,4799.69415,68.18%,5332.9935,75.76%,426.63948,6.06%,533.29935,1.25,1279.91844,18.18%,746.61909,10.61%,2986.47636,4.0,38.6%,12.11%,3.7991308275
2025-11-30,重返未来:1999,16.58762,853.27896,0.04%,47996.9415,76.01%,51410.05734,81.42%,213.31974,0.34%,533.29935,2.5,16318.96011,25.84%,13439.14362,21.28%,53329.935,3.97,24.52%,8.35%,6.96507318375
2025-11-30,代号：鸢,0.0,746.61909,0.11%,0.0,0.0%,106.65987,25.0%,0.0,0.0%,0.0,0.0,213.31974,50.0%,0.0,0.0%,0.0,0.0,14.29%,3.6%,5.3187831585
2025-11-30,未定事件簿,16.58762,533.29935,0.44%,213.31974,40.0%,319.97961,60.0%,213.31974,40.0%,213.31974,1.0,0.0,0.0%,0.0,0.0%,0.0,,16.13%,6.25%,6.45852240675
2025-11-30,桃源深处有人家,0.0,213.31974,0.12%,0.0,0.0%,0.0,0.0%,0.0,0.0%,0.0,0.0,0.0,0.0%,0.0,0.0%,0.0,0.0,30.77%,12.5%,0.63318847125
2025-12-01,光与夜之恋,199.05144,71248.79316,0.32%,1386.57831,100.0%,1386.57831,100.0%,0.0,0.0%,0.0,0.0,0.0,0.0%,0.0,0.0%,0.0,,56.52%,22.81%,1.64629002525
2025-12-01,疯狂动物园,497.6286,69222.25563,0.04%,0.0,0.0%,0.0,0.0%,0.0,0.0%,0.0,0.0,0.0,0.0%,0.0,0.0%,0.0,0.0,17.39%,6.15%,0.63318847125
2025-12-01,王者荣耀,796.20576,62502.68382,0.12%,5226.33363,85.96%,5546.31324,91.23%,0.0,0.0%,0.0,0.0,1386.57831,22.81%,1066.5987,17.54%,4159.73493,3.9,50.44%,22.44%,5.3187831585
2025-12-01,蛋仔派对,663.5048,61009.44564,0.06%,0.0,0.0%,0.0,0.0%,0.0,0.0%,0.0,0.0,0.0,0.0%,0.0,0.0%,0.0,0.0,26.67%,7.84%,1.013101554
2025-12-01,原神,348.34002,42237.30852,0.05%,31038.02217,71.5%,34344.47814,79.12%,426.63948,0.98%,746.61909,1.75,6292.93233,14.5%,3946.41519,9.09%,15785.66076,4.0,32.38%,10.79%,4.052406216
2025-12-01,光遇,331.7524,26878.28724,2.04%,0.0,0.0%,106.65987,100.0%,0.0,0.0%,0.0,0.0,0.0,0.0%,0.0,0.0%,0.0,0.0,33.33%,8.33%,2.532753885
2025-12-01,崩坏：星穹铁道,232.22668,18558.81738,0.13%,5439.65337,82.26%,5226.33363,79.03%,0.0,0.0%,0.0,0.0,1173.25857,17.74%,853.27896,12.9%,2773.15662,3.25,55.86%,23.57%,5.95197162975
2025-12-01,和平精英,215.63906,15145.70154,0.16%,59409.54759,86.49%,62822.66343,91.46%,959.93883,1.4%,2239.85727,2.33,11412.60609,16.61%,10026.02778,14.6%,41704.00917,4.16,50.08%,25.44%,15.703074087
2025-12-01,第五人格,82.9381,10026.02778,3.45%,0.0,0.0%,0.0,0.0%,0.0,0.0%,0.0,0.0,0.0,0.0%,0.0,0.0%,0.0,0.0,50.0%,50.0%,0.0
2025-12-01,绝区零,49.76286,6719.57181,0.05%,9706.04817,57.23%,11945.90544,70.44%,426.63948,2.52%,5439.65337,12.75,2026.53753,11.95%,533.29935,3.14%,2559.83688,4.8,21.29%,6.56%,10.76420401125
2025-12-01,元梦之星,33.17524,6186.27246,3.09%,37330.9545,53.52%,64529.22135,92.51%,3199.7961,4.59%,4266.3948,1.33,26025.00828,37.31%,0.0,0.0%,0.0,,33.52%,18.69%,18.235827972
2025-12-01,以闪亮之名,16.58762,5759.63298,0.05%,25598.3688,64.86%,30611.38269,77.57%,2453.17701,6.22%,5866.29285,2.39,8319.46986,21.08%,3519.77571,8.92%,20158.71543,5.73,43.17%,13.54%,12.79040711925
2025-12-01,白荆回廊,0.0,1493.23818,0.4%,1386.57831,81.25%,1493.23818,87.5%,0.0,0.0%,0.0,0.0,0.0,0.0%,0.0,0.0%,0.0,,51.61%,28.07%,4.17904391025
2025-12-01,代号：鸢,16.58762,853.27896,7.69%,0.0,0.0%,106.65987,100.0%,0.0,0.0%,0.0,0.0,106.65987,100.0%,0.0,0.0%,0.0,0.0,50.0%,25.0%,64.331948679
2025-12-01,未定事件簿,16.58762,426.63948,0.89%,319.97961,27.27%,426.63948,36.36%,213.31974,18.18%,639.95922,3.0,213.31974,18.18%,106.65987,9.09%,106.65987,1.0,18.64%,6.29%,10.8908417055
2025-12-01,无畏契约,0.0,426.63948,0.88%,319.97961,30.0%,639.95922,60.0%,319.97961,30.0%,319.97961,1.0,0.0,0.0%,0.0,0.0%,0.0,,34.48%,12.05%,11.77730556525
2025-12-01,重返未来:1999,0.0,319.97961,0.11%,7252.87116,70.83%,7892.83038,77.08%,0.0,0.0%,0.0,0.0,106.65987,1.04%,0.0,0.0%,0.0,,29.81%,10.31%,2.7860292735
2025-12-01,肥狐乐园,0.0,319.97961,0.11%,4159.73493,65.0%,4479.71454,70.0%,0.0,0.0%,0.0,0.0,319.97961,5.0%,319.97961,5.0%,1386.57831,4.33,35.29%,11.76%,3.67249313325
2025-12-01,桃源深处有人家,0.0,213.31974,3.31%,39997.45125,54.35%,66022.45953,89.71%,3519.77571,4.78%,11092.62648,3.15,28264.86555,38.41%,533.29935,0.72%,533.29935,1.0,33.58%,20.11%,24.18779960175
2025-12-02,疯狂动物园,613.74194,68262.3168,0.06%,31677.98139,67.35%,34237.81827,72.79%,213.31974,0.45%,426.63948,2.0,7572.85077,16.1%,4906.35402,10.43%,17705.53842,3.61,35.42%,12.11%,7.091710878
2025-12-02,光与夜之恋,215.63906,65702.47992,0.55%,0.0,0.0%,319.97961,42.86%,0.0,0.0%,0.0,0.0,213.31974,28.57%,0.0,0.0%,0.0,0.0,12.5%,4.22%,8.48472551475
2025-12-02,王者荣耀,978.66958,61649.40486,0.02%,106.65987,50.0%,106.65987,50.0%,0.0,0.0%,0.0,0.0,0.0,0.0%,0.0,0.0%,0.0,,33.33%,15.38%,0.37991308275
2025-12-02,蛋仔派对,646.91718,58662.9285,1.01%,0.0,0.0%,853.27896,61.54%,0.0,0.0%,0.0,0.0,213.31974,15.38%,0.0,0.0%,0.0,0.0,22.41%,7.74%,14.05678406175
2025-12-02,原神,182.46382,40957.39008,0.15%,40210.77099,57.65%,47996.9415,68.81%,1386.57831,1.99%,7999.49025,5.77,7572.85077,10.86%,2879.81649,4.13%,14079.10284,4.89,24.74%,9.07%,6.20524701825
2025-12-02,光遇,315.16478,29011.48464,0.09%,106.65987,16.67%,106.65987,16.67%,106.65987,16.67%,426.63948,4.0,0.0,0.0%,0.0,0.0%,0.0,,28.57%,10.17%,2.65939157925
2025-12-02,崩坏：星穹铁道,116.11334,17812.19829,0.18%,0.0,0.0%,0.0,0.0%,0.0,0.0%,0.0,0.0,0.0,0.0%,0.0,0.0%,0.0,0.0,66.67%,21.05%,1.39301463675
2025-12-02,和平精英,182.46382,14079.10284,0.12%,6506.25207,56.48%,7679.51064,66.67%,213.31974,1.85%,319.97961,1.5,533.29935,4.63%,106.65987,0.93%,106.65987,1.0,35.06%,11.19%,8.104812432
2025-12-02,第五人格,33.17524,8319.46986,0.53%,213.31974,33.33%,319.97961,50.0%,106.65987,16.67%,106.65987,1.0,106.65987,16.67%,0.0,0.0%,0.0,,18.18%,7.5%,3.92576852175
2025-12-02,绝区零,49.76286,6612.91194,3.11%,40104.11112,56.97%,64955.86083,92.27%,2026.53753,2.88%,3946.41519,1.95,29331.46425,41.67%,319.97961,0.45%,6612.91194,20.67,33.71%,18.91%,17.85591488925
2025-12-02,元梦之星,33.17524,6079.61259,1.42%,4906.35402,75.41%,5332.9935,81.97%,319.97961,4.92%,426.63948,1.33,959.93883,14.75%,426.63948,6.56%,1386.57831,3.25,36.97%,11.09%,4.052406216
2025-12-02,以闪亮之名,33.17524,6079.61259,0.35%,1493.23818,100.0%,1493.23818,100.0%,0.0,0.0%,0.0,0.0,0.0,0.0%,0.0,0.0%,0.0,,45.16%,24.56%,1.39301463675
2025-12-02,白荆回廊,0.0,1386.57831,3.28%,0.0,0.0%,106.65987,50.0%,0.0,0.0%,0.0,0.0,0.0,0.0%,0.0,0.0%,0.0,0.0,66.67%,40.0%,1.7729277195
2025-12-02,肥狐乐园,16.58762,746.61909,0.47%,1706.55792,84.21%,1706.55792,84.21%,0.0,0.0%,0.0,0.0,0.0,0.0%,0.0,0.0%,0.0,,67.86%,35.19%,1.519652331
2025-12-02,代号：鸢,0.0,426.63948,0.42%,1493.23818,82.35%,1493.23818,82.35%,0.0,0.0%,0.0,0.0,0.0,0.0%,0.0,0.0%,0.0,,60.71%,31.48%,1.7729277195
2025-12-02,重返未来:1999,0.0,426.63948,0.2%,0.0,0.0%,319.97961,42.86%,0.0,0.0%,0.0,0.0,106.65987,14.29%,0.0,0.0%,0.0,0.0,21.88%,6.14%,8.3580878205
2025-12-02,桃源深处有人家,16.58762,319.97961,0.06%,10452.66726,51.31%,13972.44297,68.59%,213.31974,1.05%,1066.5987,5.0,2879.81649,14.14%,1493.23818,7.33%,5439.65337,3.64,24.15%,8.18%,6.45852240675
2025-12-02,未定事件簿,0.0,213.31974,0.2%,16105.64037,69.59%,18025.51803,77.88%,533.29935,2.3%,1173.25857,2.2,3093.13623,13.36%,1919.87766,8.29%,6826.23168,3.56,24.86%,8.67%,4.8122323815
2025-12-02,无畏契约,0.0,213.31974,0.12%,7359.53103,66.35%,8426.12973,75.96%,106.65987,0.96%,213.31974,2.0,426.63948,3.85%,0.0,0.0%,0.0,,30.86%,10.88%,4.17904391025
